-0.040882842776403944,-0.040882842776403944,-0.040882842776403944,-0.040882842776403944,-0.040882842776403944,-0.040882842776403944,-0.040882842776403944,-0.040882842776403944,-0.040882842776403944,-0.040882842776403944,-0.040882842776403944,-0.040882842776403944,-0.040882842776403944,-0.040882842776403944,-0.040882842776403944,-0.040882842776403944,-0.040882842776403944,-0.040882842776403944,-0.040882842776403944,-0.08795488250265023,-0.08795488250265023,-0.08795488250265023,-0.08795488250265023,-0.08795488250265023,-0.08795488250265023,-0.08795488250265023,-0.08795488250265023,-0.08795488250265023,-0.08795488250265023,-0.08795488250265023,-0.08795488250265023,-0.08795488250265023,-0.08795488250265023,-0.08795488250265023,-0.08795488250265023,-0.08795488250265023,-0.08795488250265023,-0.08795488250265023,-0.08795488250265023,-0.08795488250265023,-0.08795488250265023,-0.08795488250265023,-0.08795488250265023,-0.08795488250265023,-0.08795488250265023,-0.08795488250265023,-0.08795488250265023,-0.08795488250265023,-0.08795488250265023,-0.08795488250265023,-0.08795488250265023,-0.08795488250265023,-0.08795488250265023,-0.08795488250265023,-0.08795488250265023,-0.08795488250265023,-0.08795488250265023,-0.08795488250265023,-0.08795488250265023,-0.08795488250265023,-0.08795488250265023,-0.08795488250265023,-0.08795488250265023,-0.08795488250265023,-0.08795488250265023,-0.08795488250265023,-0.08795488250265023,-0.08795488250265023,-0.08795488250265023,-0.08795488250265023,-0.08795488250265023,-0.08795488250265023,-0.08795488250265023,-0.08795488250265023,-0.08795488250265023,-0.08795488250265023,-0.08795488250265023,-0.08795488250265023,-0.08795488250265023,-0.08795488250265023,-0.08795488250265023
-0.09293560462980173,-0.09293560462980173,-0.09293560462980173,-0.09293560462980173,-0.09293560462980173,-0.09293560462980173,-0.09293560462980173,-0.09293560462980173,-0.09293560462980173,-0.09293560462980173,-0.09293560462980173,-0.09293560462980173,-0.09293560462980173,-0.09293560462980173,-0.09293560462980173,-0.09293560462980173,-0.09293560462980173,-0.09293560462980173,-0.09293560462980173,-0.09293560462980173,-0.09293560462980173,-0.09293560462980173,-0.09293560462980173,-0.09293560462980173,-0.09293560462980173,-0.09293560462980173,-0.09293560462980173,-0.09293560462980173,-0.09293560462980173,-0.09293560462980173,-0.09293560462980173,-0.09293560462980173,-0.09293560462980173,-0.09293560462980173,-0.09293560462980173,-0.09293560462980173,-0.09293560462980173,-0.09293560462980173,-0.09293560462980173,-0.09293560462980173,-0.09293560462980173,-0.09293560462980173,-0.09293560462980173,-0.09293560462980173,-0.09293560462980173,-0.09293560462980173,-0.09293560462980173,-0.09293560462980173,-0.09293560462980173,-0.09293560462980173,-0.09293560462980173,-0.09293560462980173,-0.09293560462980173,-0.09293560462980173,-0.09293560462980173,-0.09293560462980173,-0.09293560462980173,-0.09293560462980173,-0.09293560462980173,-0.09293560462980173,-0.09293560462980173,-0.09293560462980173,-0.09293560462980173,-0.09293560462980173,-0.09293560462980173,-0.09293560462980173,-0.09293560462980173,-0.09293560462980173,-0.09293560462980173,-0.09293560462980173,-0.09293560462980173,-0.09293560462980173,-0.09293560462980173,-0.09293560462980173,-0.09293560462980173,-0.09293560462980173,-0.09293560462980173,-0.09293560462980173,-0.09293560462980173,-0.09293560462980173,-0.09293560462980173
-0.009263294346330013,-0.009263294346330013,-0.009263294346330013,-0.009263294346330013,-0.009263294346330013,-0.009263294346330013,-0.009263294346330013,-0.009263294346330013,-0.009263294346330013,-0.009263294346330013,-0.009263294346330013,-0.009263294346330013,-0.009263294346330013,-0.009263294346330013,-0.009263294346330013,-0.009263294346330013,-0.009263294346330013,-0.009263294346330013,-0.009263294346330013,-0.009263294346330013,-0.009263294346330013,-0.009263294346330013,-0.009263294346330013,-0.009263294346330013,-0.009263294346330013,-0.009263294346330013,-0.009263294346330013,-0.009263294346330013,-0.009263294346330013,-0.009263294346330013,-0.009263294346330013,-0.009263294346330013,-0.009263294346330013,-0.009263294346330013,-0.009263294346330013,-0.009263294346330013,-0.009263294346330013,-0.009263294346330013,-0.009263294346330013,-0.009263294346330013,-0.009263294346330013,-0.009263294346330013,-0.28535988220269426,-0.28535988220269426,-0.28535988220269426,-0.28535988220269426,-0.28535988220269426,-0.28535988220269426,-0.28535988220269426,-0.28535988220269426,-0.28535988220269426,-0.28535988220269426,-0.28535988220269426,-0.28535988220269426,-0.28535988220269426,-0.28535988220269426,-0.28535988220269426,-0.28535988220269426,-0.28535988220269426,-0.28535988220269426,-0.28535988220269426,-0.28535988220269426,-0.28535988220269426,-0.28535988220269426,-0.28535988220269426,-0.28535988220269426,-0.28535988220269426,-0.28535988220269426,-0.28535988220269426,-0.28535988220269426,-0.28535988220269426,-0.28535988220269426,-0.28535988220269426,-0.28535988220269426,-0.28535988220269426,-0.28535988220269426,-0.28535988220269426,-0.28535988220269426,-0.28535988220269426,-0.28535988220269426,-0.28535988220269426
-0.679039701388531,-0.987758575517441,-0.987758575517441,-0.987758575517441,-0.987758575517441,-0.987758575517441,-0.987758575517441,-0.987758575517441,-0.987758575517441,-0.9899587643670604,-0.9899587643670604,-0.9899587643670604,-0.9899587643670604,-0.9899587643670604,-0.9899587643670604,-0.9899587643670604,-0.9994802150447369,-0.9994802150447369,-0.9994802150447369,-0.9994802150447369,-0.9994802150447369,-0.9994802150447369,-0.9994802150447369,-0.9994802150447369,-0.9994802150447369,-0.9994802150447369,-0.9994802150447369,-0.9994802150447369,-0.9994802150447369,-0.9994802150447369,-0.9994802150447369,-0.9994802150447369,-0.9994802150447369,-0.9994802150447369,-0.9994802150447369,-0.9994802150447369,-0.9994802150447369,-0.9994802150447369,-0.9994802150447369,-0.9994802150447369,-0.9994802150447369,-0.9994802150447369,-0.9994802150447369,-0.9994802150447369,-0.9994802150447369,-0.9994802150447369,-0.9994802150447369,-0.9994802150447369,-0.9994802150447369,-0.9994802150447369,-0.9994802150447369,-0.9994802150447369,-0.9994802150447369,-0.9994802150447369,-0.9994802150447369,-0.9994802150447369,-0.9994802150447369,-0.9994802150447369,-0.9994802150447369,-0.9994802150447369,-0.9994802150447369,-0.9994802150447369,-0.9994802150447369,-0.9994802150447369,-0.9994802150447369,-0.9994802150447369,-0.9994802150447369,-0.9994802150447369,-0.9994802150447369,-0.9994802150447369,-0.9994802150447369,-0.9994802150447369,-0.9994802150447369,-0.9994802150447369,-0.9994802150447369,-0.9994802150447369,-0.9994802150447369,-0.9994802150447369,-0.9994802150447369,-0.9994802150447369,-0.9994802150447369
-0.07457826604275283,-0.07457826604275283,-0.07457826604275283,-0.07457826604275283,-0.07457826604275283,-0.08401739544232689,-0.08401739544232689,-0.08401739544232689,-0.08401739544232689,-0.08401739544232689,-0.08401739544232689,-0.08401739544232689,-0.08401739544232689,-0.08401739544232689,-0.0911371749156315,-0.0911371749156315,-0.0911371749156315,-0.0911371749156315,-0.0911371749156315,-0.0911371749156315,-0.0911371749156315,-0.0911371749156315,-0.0911371749156315,-0.0911371749156315,-0.25298017190100003,-0.25298017190100003,-0.25298017190100003,-0.25298017190100003,-0.25298017190100003,-0.25298017190100003,-0.25298017190100003,-0.25298017190100003,-0.25298017190100003,-0.25298017190100003,-0.25298017190100003,-0.25298017190100003,-0.25298017190100003,-0.25298017190100003,-0.25298017190100003,-0.25298017190100003,-0.25298017190100003,-0.25298017190100003,-0.25298017190100003,-0.25298017190100003,-0.25298017190100003,-0.25298017190100003,-0.25298017190100003,-0.25298017190100003,-0.25298017190100003,-0.25298017190100003,-0.25298017190100003,-0.25298017190100003,-0.25298017190100003,-0.25298017190100003,-0.25298017190100003,-0.25298017190100003,-0.25298017190100003,-0.25298017190100003,-0.25298017190100003,-0.25298017190100003,-0.25298017190100003,-0.25298017190100003,-0.25298017190100003,-0.25298017190100003,-0.25298017190100003,-0.25298017190100003,-0.25298017190100003,-0.25298017190100003,-0.25298017190100003,-0.25298017190100003,-0.25298017190100003,-0.25298017190100003,-0.478956394262348,-0.478956394262348,-0.478956394262348,-0.478956394262348,-0.478956394262348,-0.478956394262348,-0.478956394262348,-0.478956394262348,-0.478956394262348
-0.16585059481176334,-0.16585059481176334,-0.16585059481176334,-0.16585059481176334,-0.25362436446304365,-0.25362436446304365,-0.7036378388561064,-0.7036378388561064,-0.7083207790428859,-0.8979185872096193,-0.8979185872096193,-0.8979185872096193,-0.8979185872096193,-0.8979185872096193,-0.982456974253425,-0.982456974253425,-0.9844347426549028,-0.9844347426549028,-0.9844347426549028,-0.9844347426549028,-0.9844347426549028,-0.9844347426549028,-0.9844347426549028,-0.9844347426549028,-0.9844347426549028,-0.9844347426549028,-0.9844347426549028,-0.9844347426549028,-0.992868505115783,-0.9946348505954478,-0.9946348505954478,-0.9946348505954478,-0.9946348505954478,-0.9946348505954478,-0.9946348505954478,-0.9946348505954478,-0.9946348505954478,-0.9946348505954478,-0.9946348505954478,-0.9946348505954478,-0.9946348505954478,-0.9946348505954478,-0.9973063566275849,-0.9973063566275849,-0.9973063566275849,-0.9973063566275849,-0.9973063566275849,-0.9973063566275849,-0.9973063566275849,-0.9973063566275849,-0.9973063566275849,-0.9973063566275849,-0.9979658709745104,-0.9979658709745104,-0.9979658709745104,-0.9979658709745104,-0.9979658709745104,-0.9979658709745104,-0.9979658709745104,-0.9979658709745104,-0.9979658709745104,-0.9979658709745104,-0.9979658709745104,-0.9979658709745104,-0.9979658709745104,-0.9979658709745104,-0.9979658709745104,-0.9979658709745104,-0.9979658709745104,-0.9979658709745104,-0.9979658709745104,-0.9979658709745104,-0.9979658709745104,-0.9979658709745104,-0.9979658709745104,-0.9979658709745104,-0.9979658709745104,-0.9979658709745104,-0.9979658709745104,-0.9979658709745104,-0.9979658709745104
-0.27995904386083853,-0.27995904386083853,-0.27995904386083853,-0.27995904386083853,-0.27995904386083853,-0.27995904386083853,-0.2905775831399392,-0.2905775831399392,-0.2905775831399392,-0.2905775831399392,-0.2905775831399392,-0.2905775831399392,-0.2905775831399392,-0.2905775831399392,-0.2905775831399392,-0.2905775831399392,-0.2905775831399392,-0.2905775831399392,-0.2905775831399392,-0.2905775831399392,-0.2905775831399392,-0.2905775831399392,-0.2915154584574547,-0.2915154584574547,-0.3578097294599783,-0.3578097294599783,-0.3578097294599783,-0.3578097294599783,-0.3578097294599783,-0.3578097294599783,-0.3578097294599783,-0.3578097294599783,-0.3578097294599783,-0.3578097294599783,-0.3578097294599783,-0.3578097294599783,-0.3578097294599783,-0.3578097294599783,-0.3578097294599783,-0.3578097294599783,-0.3578097294599783,-0.3578097294599783,-0.3578097294599783,-0.3578097294599783,-0.3578097294599783,-0.3578097294599783,-0.3578097294599783,-0.3578097294599783,-0.3578097294599783,-0.3578097294599783,-0.3578097294599783,-0.3578097294599783,-0.3578097294599783,-0.3578097294599783,-0.3640065686419278,-0.3640065686419278,-0.3640065686419278,-0.3640065686419278,-0.3640065686419278,-0.84763193057443,-0.84763193057443,-0.84763193057443,-0.84763193057443,-0.84763193057443,-0.84763193057443,-0.84763193057443,-0.84763193057443,-0.84763193057443,-0.84763193057443,-0.84763193057443,-0.84763193057443,-0.84763193057443,-0.84763193057443,-0.84763193057443,-0.84763193057443,-0.84763193057443,-0.84763193057443,-0.84763193057443,-0.84763193057443,-0.84763193057443,-0.84763193057443
-0.23507125445236352,-0.23507125445236352,-0.23507125445236352,-0.23507125445236352,-0.23507125445236352,-0.23507125445236352,-0.23507125445236352,-0.23507125445236352,-0.23507125445236352,-0.23507125445236352,-0.23507125445236352,-0.23507125445236352,-0.23507125445236352,-0.23507125445236352,-0.23507125445236352,-0.23507125445236352,-0.23507125445236352,-0.23507125445236352,-0.23507125445236352,-0.23507125445236352,-0.23507125445236352,-0.23507125445236352,-0.23507125445236352,-0.23507125445236352,-0.23507125445236352,-0.23507125445236352,-0.23507125445236352,-0.23507125445236352,-0.23507125445236352,-0.23507125445236352,-0.23507125445236352,-0.23507125445236352,-0.23507125445236352,-0.23507125445236352,-0.23507125445236352,-0.23507125445236352,-0.23507125445236352,-0.23507125445236352,-0.23507125445236352,-0.23507125445236352,-0.23507125445236352,-0.23507125445236352,-0.23507125445236352,-0.23507125445236352,-0.23507125445236352,-0.23507125445236352,-0.23507125445236352,-0.23507125445236352,-0.23507125445236352,-0.23507125445236352,-0.23507125445236352,-0.23507125445236352,-0.23507125445236352,-0.23507125445236352,-0.23507125445236352,-0.23507125445236352,-0.23507125445236352,-0.23507125445236352,-0.23507125445236352,-0.23507125445236352,-0.23507125445236352,-0.23507125445236352,-0.23507125445236352,-0.23507125445236352,-0.23507125445236352,-0.23507125445236352,-0.23507125445236352,-0.23507125445236352,-0.23507125445236352,-0.23507125445236352,-0.23507125445236352,-0.23507125445236352,-0.23507125445236352,-0.23507125445236352,-0.23507125445236352,-0.23507125445236352,-0.23507125445236352,-0.23507125445236352,-0.23507125445236352,-0.23507125445236352,-0.23507125445236352
-0.061463671125727835,-0.061463671125727835,-0.061463671125727835,-0.061463671125727835,-0.061463671125727835,-0.061463671125727835,-0.061463671125727835,-0.07233308501733261,-0.07233308501733261,-0.07233308501733261,-0.07233308501733261,-0.07233308501733261,-0.07233308501733261,-0.07233308501733261,-0.07233308501733261,-0.07233308501733261,-0.07233308501733261,-0.07233308501733261,-0.07233308501733261,-0.07233308501733261,-0.07233308501733261,-0.07233308501733261,-0.07233308501733261,-0.07233308501733261,-0.07233308501733261,-0.07233308501733261,-0.07233308501733261,-0.1964939604601678,-0.1964939604601678,-0.1964939604601678,-0.1964939604601678,-0.1964939604601678,-0.1964939604601678,-0.1964939604601678,-0.1964939604601678,-0.1964939604601678,-0.1964939604601678,-0.1964939604601678,-0.1964939604601678,-0.1964939604601678,-0.1964939604601678,-0.1964939604601678,-0.1964939604601678,-0.1964939604601678,-0.1964939604601678,-0.1964939604601678,-0.1964939604601678,-0.1964939604601678,-0.1964939604601678,-0.1964939604601678,-0.1964939604601678,-0.1964939604601678,-0.1964939604601678,-0.1964939604601678,-0.1964939604601678,-0.1964939604601678,-0.1964939604601678,-0.1964939604601678,-0.1964939604601678,-0.1964939604601678,-0.1964939604601678,-0.1964939604601678,-0.5805799535167697,-0.5805799535167697,-0.5805799535167697,-0.5805799535167697,-0.5805799535167697,-0.5805799535167697,-0.5805799535167697,-0.5805799535167697,-0.5805799535167697,-0.5805799535167697,-0.5805799535167697,-0.5805799535167697,-0.5805799535167697,-0.5805799535167697,-0.5805799535167697,-0.5805799535167697,-0.5805799535167697,-0.5805799535167697,-0.5805799535167697
-0.07671554359818829,-0.07671554359818829,-0.07671554359818829,-0.07671554359818829,-0.07671554359818829,-0.07671554359818829,-0.07671554359818829,-0.07671554359818829,-0.07671554359818829,-0.2464320125693764,-0.2464320125693764,-0.2464320125693764,-0.2464320125693764,-0.35191388401173046,-0.35191388401173046,-0.3978763990355534,-0.3978763990355534,-0.3978763990355534,-0.3978763990355534,-0.3978763990355534,-0.3978763990355534,-0.3978763990355534,-0.3978763990355534,-0.3978763990355534,-0.3978763990355534,-0.3978763990355534,-0.3978763990355534,-0.3978763990355534,-0.3978763990355534,-0.3978763990355534,-0.3978763990355534,-0.3978763990355534,-0.3978763990355534,-0.3978763990355534,-0.3978763990355534,-0.3978763990355534,-0.3978763990355534,-0.3978763990355534,-0.3978763990355534,-0.3978763990355534,-0.3978763990355534,-0.3978763990355534,-0.3978763990355534,-0.3978763990355534,-0.3978763990355534,-0.3978763990355534,-0.3978763990355534,-0.3978763990355534,-0.3978763990355534,-0.3978763990355534,-0.3978763990355534,-0.3978763990355534,-0.3978763990355534,-0.3978763990355534,-0.3978763990355534,-0.3978763990355534,-0.3978763990355534,-0.3978763990355534,-0.3978763990355534,-0.3978763990355534,-0.3978763990355534,-0.3978763990355534,-0.3978763990355534,-0.3978763990355534,-0.3978763990355534,-0.3978763990355534,-0.3978763990355534,-0.3978763990355534,-0.3978763990355534,-0.3978763990355534,-0.3978763990355534,-0.3978763990355534,-0.3978763990355534,-0.3978763990355534,-0.3978763990355534,-0.3978763990355534,-0.3978763990355534,-0.3978763990355534,-0.3978763990355534,-0.3978763990355534,-0.3978763990355534
-0.034995075461426904,-0.034995075461426904,-0.034995075461426904,-0.034995075461426904,-0.034995075461426904,-0.034995075461426904,-0.034995075461426904,-0.6982234354824972,-0.6982234354824972,-0.6982234354824972,-0.6982234354824972,-0.6982234354824972,-0.6982234354824972,-0.6982234354824972,-0.6982234354824972,-0.6982234354824972,-0.6982234354824972,-0.6982234354824972,-0.6982234354824972,-0.6982234354824972,-0.7968379856336925,-0.886824195729452,-0.915451940174843,-0.915451940174843,-0.9892119427586085,-0.9892119427586085,-0.9892119427586085,-0.9892119427586085,-0.9892119427586085,-0.9892119427586085,-0.9892119427586085,-0.9892119427586085,-0.9892119427586085,-0.9892119427586085,-0.9892119427586085,-0.9892119427586085,-0.9925373903772841,-0.9925373903772841,-0.9925373903772841,-0.9925373903772841,-0.9925373903772841,-0.9994593159287946,-0.9994593159287946,-0.9994593159287946,-0.9994593159287946,-0.9994593159287946,-0.9994593159287946,-0.9994593159287946,-0.9994593159287946,-0.9994593159287946,-0.9994593159287946,-0.9994593159287946,-0.9994593159287946,-0.9994593159287946,-0.9994593159287946,-0.9994593159287946,-0.9994593159287946,-0.9994593159287946,-0.9994593159287946,-0.9994593159287946,-0.9994593159287946,-0.9994593159287946,-0.9994593159287946,-0.9994593159287946,-0.9994593159287946,-0.9994593159287946,-0.9994593159287946,-0.9994593159287946,-0.9994593159287946,-0.9994593159287946,-0.9994593159287946,-0.9994593159287946,-0.9994593159287946,-0.9994593159287946,-0.9994593159287946,-0.9994593159287946,-0.9994593159287946,-0.9994593159287946,-0.9994593159287946,-0.9994593159287946,-0.9994593159287946
-0.5485717249113615,-0.5485717249113615,-0.5485717249113615,-0.5485717249113615,-0.5485717249113615,-0.5485717249113615,-0.5485717249113615,-0.5485717249113615,-0.5485717249113615,-0.5485717249113615,-0.5485717249113615,-0.5485717249113615,-0.5485717249113615,-0.5485717249113615,-0.5485717249113615,-0.5485717249113615,-0.5485717249113615,-0.5485717249113615,-0.5485717249113615,-0.5485717249113615,-0.5485717249113615,-0.5485717249113615,-0.5485717249113615,-0.5485717249113615,-0.5485717249113615,-0.5485717249113615,-0.5485717249113615,-0.5485717249113615,-0.5485717249113615,-0.5485717249113615,-0.5485717249113615,-0.5485717249113615,-0.5485717249113615,-0.5485717249113615,-0.8065306852634817,-0.8065306852634817,-0.8065306852634817,-0.8065306852634817,-0.8065306852634817,-0.8065306852634817,-0.8065306852634817,-0.8065306852634817,-0.8065306852634817,-0.8065306852634817,-0.8065306852634817,-0.8065306852634817,-0.8065306852634817,-0.8065306852634817,-0.8065306852634817,-0.8065306852634817,-0.8065306852634817,-0.8065306852634817,-0.8065306852634817,-0.8065306852634817,-0.8065306852634817,-0.8065306852634817,-0.8065306852634817,-0.8065306852634817,-0.9842094106301721,-0.9842094106301721,-0.9842094106301721,-0.9842094106301721,-0.9842094106301721,-0.9842094106301721,-0.9842094106301721,-0.9842094106301721,-0.9842094106301721,-0.9842094106301721,-0.9842094106301721,-0.9842094106301721,-0.9842094106301721,-0.9842094106301721,-0.9842094106301721,-0.9842094106301721,-0.9842094106301721,-0.9842094106301721,-0.9842094106301721,-0.9842094106301721,-0.9842094106301721,-0.9842094106301721,-0.9842094106301721
-0.6127143434092213,-0.6127143434092213,-0.6127143434092213,-0.6127143434092213,-0.6127143434092213,-0.6127143434092213,-0.6127143434092213,-0.6127143434092213,-0.6127143434092213,-0.6127143434092213,-0.6127143434092213,-0.6127143434092213,-0.6127143434092213,-0.6127143434092213,-0.6127143434092213,-0.6127143434092213,-0.6127143434092213,-0.6127143434092213,-0.6127143434092213,-0.6127143434092213,-0.6127143434092213,-0.6127143434092213,-0.6127143434092213,-0.6127143434092213,-0.6127143434092213,-0.6127143434092213,-0.6127143434092213,-0.6127143434092213,-0.6127143434092213,-0.6127143434092213,-0.6127143434092213,-0.6127143434092213,-0.6127143434092213,-0.6127143434092213,-0.6127143434092213,-0.6127143434092213,-0.6127143434092213,-0.6127143434092213,-0.6127143434092213,-0.6127143434092213,-0.6127143434092213,-0.6127143434092213,-0.6127143434092213,-0.6127143434092213,-0.6127143434092213,-0.6127143434092213,-0.6127143434092213,-0.6127143434092213,-0.6127143434092213,-0.6127143434092213,-0.6127143434092213,-0.6127143434092213,-0.6127143434092213,-0.6127143434092213,-0.6127143434092213,-0.6127143434092213,-0.6127143434092213,-0.6127143434092213,-0.6127143434092213,-0.6127143434092213,-0.6127143434092213,-0.6127143434092213,-0.6127143434092213,-0.6127143434092213,-0.6127143434092213,-0.6127143434092213,-0.6127143434092213,-0.6127143434092213,-0.6127143434092213,-0.6127143434092213,-0.6127143434092213,-0.6127143434092213,-0.6127143434092213,-0.6127143434092213,-0.6127143434092213,-0.6127143434092213,-0.6127143434092213,-0.6127143434092213,-0.6127143434092213,-0.6127143434092213,-0.6127143434092213
-0.952557993434573,-0.9766851483325457,-0.9766851483325457,-0.9766851483325457,-0.9766851483325457,-0.9766851483325457,-0.9766851483325457,-0.9766851483325457,-0.9766851483325457,-0.9766851483325457,-0.9766851483325457,-0.9766851483325457,-0.9766851483325457,-0.9766851483325457,-0.9766851483325457,-0.9766851483325457,-0.9766851483325457,-0.9766851483325457,-0.9766851483325457,-0.9766851483325457,-0.9766851483325457,-0.9766851483325457,-0.9766851483325457,-0.9766851483325457,-0.9766851483325457,-0.9766851483325457,-0.9766851483325457,-0.9766851483325457,-0.9766851483325457,-0.9766851483325457,-0.9766851483325457,-0.9766851483325457,-0.9766851483325457,-0.9766851483325457,-0.9766851483325457,-0.9766851483325457,-0.9766851483325457,-0.9766851483325457,-0.9766851483325457,-0.9766851483325457,-0.9766851483325457,-0.9766851483325457,-0.9766851483325457,-0.9766851483325457,-0.9766851483325457,-0.9766851483325457,-0.9873516446240999,-0.9873516446240999,-0.9873516446240999,-0.9914386179305394,-0.9914386179305394,-0.9968633573852,-0.9968633573852,-0.9968633573852,-0.9968633573852,-0.9968633573852,-0.9968633573852,-0.9968633573852,-0.9968633573852,-0.9968633573852,-0.9968633573852,-0.9968633573852,-0.9968633573852,-0.9968633573852,-0.9968633573852,-0.9968633573852,-0.9968633573852,-0.9968633573852,-0.9968633573852,-0.9968633573852,-0.9968633573852,-0.9968633573852,-0.9968633573852,-0.9968633573852,-0.9968633573852,-0.9968633573852,-0.9968633573852,-0.9968633573852,-0.9968633573852,-0.9968633573852,-0.9968633573852
-0.46449193641449943,-0.46449193641449943,-0.6045174565903736,-0.646381979998759,-0.6650390538416188,-0.6650390538416188,-0.7698970771054557,-0.7698970771054557,-0.7698970771054557,-0.7698970771054557,-0.7698970771054557,-0.7698970771054557,-0.7698970771054557,-0.7698970771054557,-0.7698970771054557,-0.7850180109325728,-0.8366578541137984,-0.9068221810492357,-0.9068221810492357,-0.9068221810492357,-0.9068221810492357,-0.9068221810492357,-0.9068221810492357,-0.9453933909662748,-0.9453933909662748,-0.9453933909662748,-0.9877402194516427,-0.9877402194516427,-0.9877402194516427,-0.9877402194516427,-0.9877402194516427,-0.9877402194516427,-0.9877402194516427,-0.9877402194516427,-0.9877402194516427,-0.9877402194516427,-0.9877402194516427,-0.9877402194516427,-0.9877402194516427,-0.9877402194516427,-0.9877402194516427,-0.9877402194516427,-0.9877402194516427,-0.9903494583284693,-0.9903494583284693,-0.9903494583284693,-0.9903494583284693,-0.9903494583284693,-0.9903494583284693,-0.9905512852423223,-0.9905512852423223,-0.9992379375196073,-0.9992379375196073,-0.9992379375196073,-0.9992379375196073,-0.9992379375196073,-0.9992379375196073,-0.9992379375196073,-0.9992379375196073,-0.9992379375196073,-0.9992379375196073,-0.9992379375196073,-0.9992379375196073,-0.9992379375196073,-0.9992379375196073,-0.9992379375196073,-0.9992379375196073,-0.9992379375196073,-0.9992379375196073,-0.9992379375196073,-0.9992379375196073,-0.9992379375196073,-0.9992379375196073,-0.9992379375196073,-0.9992379375196073,-0.9992379375196073,-0.9992379375196073,-0.9992379375196073,-0.9992379375196073,-0.9992379375196073,-0.9992379375196073
-0.35626182693589026,-0.35626182693589026,-0.35626182693589026,-0.35626182693589026,-0.35626182693589026,-0.35626182693589026,-0.35626182693589026,-0.35626182693589026,-0.35626182693589026,-0.35626182693589026,-0.35626182693589026,-0.35626182693589026,-0.35626182693589026,-0.35626182693589026,-0.35626182693589026,-0.35626182693589026,-0.35626182693589026,-0.35626182693589026,-0.35626182693589026,-0.35626182693589026,-0.35626182693589026,-0.35626182693589026,-0.35626182693589026,-0.35626182693589026,-0.35626182693589026,-0.35626182693589026,-0.35626182693589026,-0.35626182693589026,-0.35626182693589026,-0.35626182693589026,-0.35626182693589026,-0.35626182693589026,-0.35626182693589026,-0.35626182693589026,-0.35626182693589026,-0.35626182693589026,-0.35626182693589026,-0.35626182693589026,-0.35626182693589026,-0.35626182693589026,-0.35626182693589026,-0.35626182693589026,-0.35626182693589026,-0.35626182693589026,-0.35626182693589026,-0.35626182693589026,-0.35626182693589026,-0.35626182693589026,-0.35626182693589026,-0.35626182693589026,-0.35626182693589026,-0.35626182693589026,-0.35626182693589026,-0.35626182693589026,-0.35626182693589026,-0.35626182693589026,-0.35626182693589026,-0.35626182693589026,-0.35626182693589026,-0.35626182693589026,-0.35626182693589026,-0.35626182693589026,-0.35626182693589026,-0.35626182693589026,-0.35626182693589026,-0.35626182693589026,-0.35626182693589026,-0.35626182693589026,-0.35626182693589026,-0.35626182693589026,-0.35626182693589026,-0.35626182693589026,-0.35626182693589026,-0.35626182693589026,-0.35626182693589026,-0.35626182693589026,-0.35626182693589026,-0.35626182693589026,-0.35626182693589026,-0.35626182693589026,-0.35626182693589026
-0.6219231632020291,-0.6219231632020291,-0.6219231632020291,-0.6219231632020291,-0.6219231632020291,-0.6219231632020291,-0.6219231632020291,-0.6219231632020291,-0.6219231632020291,-0.6219231632020291,-0.6219231632020291,-0.6219231632020291,-0.6219231632020291,-0.6219231632020291,-0.6219231632020291,-0.6219231632020291,-0.6219231632020291,-0.6219231632020291,-0.6219231632020291,-0.6219231632020291,-0.6219231632020291,-0.6219231632020291,-0.6219231632020291,-0.6219231632020291,-0.6219231632020291,-0.6219231632020291,-0.6219231632020291,-0.6219231632020291,-0.6219231632020291,-0.6219231632020291,-0.6219231632020291,-0.6219231632020291,-0.6219231632020291,-0.6219231632020291,-0.6219231632020291,-0.6219231632020291,-0.6219231632020291,-0.6219231632020291,-0.6219231632020291,-0.6219231632020291,-0.6219231632020291,-0.6219231632020291,-0.6219231632020291,-0.6219231632020291,-0.6219231632020291,-0.6219231632020291,-0.6219231632020291,-0.6219231632020291,-0.6219231632020291,-0.6219231632020291,-0.6219231632020291,-0.6219231632020291,-0.6219231632020291,-0.6219231632020291,-0.6219231632020291,-0.6219231632020291,-0.6219231632020291,-0.6219231632020291,-0.6219231632020291,-0.6219231632020291,-0.6219231632020291,-0.6219231632020291,-0.6219231632020291,-0.6219231632020291,-0.6219231632020291,-0.6219231632020291,-0.6219231632020291,-0.6219231632020291,-0.6219231632020291,-0.6219231632020291,-0.6219231632020291,-0.6219231632020291,-0.6219231632020291,-0.6219231632020291,-0.6219231632020291,-0.6219231632020291,-0.6219231632020291,-0.6219231632020291,-0.6219231632020291,-0.6219231632020291,-0.6219231632020291
-0.15386387488124487,-0.15386387488124487,-0.15386387488124487,-0.15386387488124487,-0.15386387488124487,-0.15386387488124487,-0.15386387488124487,-0.15386387488124487,-0.15386387488124487,-0.15386387488124487,-0.15386387488124487,-0.15386387488124487,-0.15386387488124487,-0.15386387488124487,-0.15386387488124487,-0.15386387488124487,-0.15386387488124487,-0.15386387488124487,-0.3474797614056034,-0.3474797614056034,-0.3474797614056034,-0.3474797614056034,-0.3474797614056034,-0.3474797614056034,-0.3474797614056034,-0.3474797614056034,-0.3474797614056034,-0.3474797614056034,-0.3474797614056034,-0.3474797614056034,-0.3474797614056034,-0.3474797614056034,-0.3474797614056034,-0.3474797614056034,-0.3474797614056034,-0.3474797614056034,-0.3474797614056034,-0.3474797614056034,-0.3474797614056034,-0.3474797614056034,-0.3474797614056034,-0.3474797614056034,-0.3474797614056034,-0.3474797614056034,-0.3474797614056034,-0.3474797614056034,-0.3474797614056034,-0.3474797614056034,-0.3474797614056034,-0.3474797614056034,-0.3474797614056034,-0.3474797614056034,-0.3474797614056034,-0.3474797614056034,-0.3474797614056034,-0.3474797614056034,-0.3474797614056034,-0.3474797614056034,-0.3474797614056034,-0.3474797614056034,-0.3474797614056034,-0.3474797614056034,-0.3474797614056034,-0.3474797614056034,-0.3474797614056034,-0.3474797614056034,-0.3474797614056034,-0.3474797614056034,-0.3474797614056034,-0.3474797614056034,-0.3474797614056034,-0.3474797614056034,-0.3474797614056034,-0.3474797614056034,-0.3474797614056034,-0.3474797614056034,-0.3474797614056034,-0.3474797614056034,-0.3474797614056034,-0.3474797614056034,-0.3474797614056034
-0.024980106373347057,-0.024980106373347057,-0.024980106373347057,-0.024980106373347057,-0.024980106373347057,-0.024980106373347057,-0.024980106373347057,-0.024980106373347057,-0.024980106373347057,-0.024980106373347057,-0.024980106373347057,-0.024980106373347057,-0.024980106373347057,-0.024980106373347057,-0.024980106373347057,-0.024980106373347057,-0.024980106373347057,-0.024980106373347057,-0.024980106373347057,-0.024980106373347057,-0.024980106373347057,-0.024980106373347057,-0.024980106373347057,-0.024980106373347057,-0.024980106373347057,-0.024980106373347057,-0.024980106373347057,-0.024980106373347057,-0.024980106373347057,-0.024980106373347057,-0.024980106373347057,-0.024980106373347057,-0.024980106373347057,-0.024980106373347057,-0.024980106373347057,-0.024980106373347057,-0.024980106373347057,-0.024980106373347057,-0.024980106373347057,-0.024980106373347057,-0.024980106373347057,-0.024980106373347057,-0.024980106373347057,-0.024980106373347057,-0.024980106373347057,-0.024980106373347057,-0.024980106373347057,-0.024980106373347057,-0.024980106373347057,-0.024980106373347057,-0.024980106373347057,-0.024980106373347057,-0.024980106373347057,-0.024980106373347057,-0.024980106373347057,-0.024980106373347057,-0.024980106373347057,-0.024980106373347057,-0.024980106373347057,-0.024980106373347057,-0.024980106373347057,-0.024980106373347057,-0.024980106373347057,-0.024980106373347057,-0.024980106373347057,-0.024980106373347057,-0.024980106373347057,-0.024980106373347057,-0.024980106373347057,-0.024980106373347057,-0.024980106373347057,-0.024980106373347057,-0.024980106373347057,-0.024980106373347057,-0.024980106373347057,-0.024980106373347057,-0.024980106373347057,-0.024980106373347057,-0.024980106373347057,-0.024980106373347057,-0.024980106373347057
-0.9232276229406772,-0.9232276229406772,-0.9232276229406772,-0.9232276229406772,-0.9232276229406772,-0.9232276229406772,-0.9232276229406772,-0.9232276229406772,-0.9232276229406772,-0.9232276229406772,-0.9232276229406772,-0.9232276229406772,-0.9232276229406772,-0.9232276229406772,-0.9232276229406772,-0.9232276229406772,-0.9232276229406772,-0.9232276229406772,-0.9232276229406772,-0.9232276229406772,-0.9232276229406772,-0.9232276229406772,-0.9232276229406772,-0.9232276229406772,-0.9232276229406772,-0.9232276229406772,-0.9232276229406772,-0.9232276229406772,-0.9232276229406772,-0.9232276229406772,-0.9232276229406772,-0.9232276229406772,-0.9232276229406772,-0.9232276229406772,-0.9232276229406772,-0.9232276229406772,-0.9232276229406772,-0.9232276229406772,-0.9232276229406772,-0.9232276229406772,-0.9232276229406772,-0.9232276229406772,-0.9232276229406772,-0.9232276229406772,-0.9232276229406772,-0.9232276229406772,-0.9232276229406772,-0.9232276229406772,-0.9232276229406772,-0.9232276229406772,-0.9232276229406772,-0.9232276229406772,-0.9232276229406772,-0.9232276229406772,-0.9232276229406772,-0.9232276229406772,-0.9232276229406772,-0.9232276229406772,-0.9232276229406772,-0.9232276229406772,-0.9232276229406772,-0.9232276229406772,-0.9232276229406772,-0.9232276229406772,-0.9232276229406772,-0.9232276229406772,-0.9232276229406772,-0.9232276229406772,-0.9232276229406772,-0.9232276229406772,-0.9881380748503525,-0.9881380748503525,-0.9881380748503525,-0.9881380748503525,-0.9881380748503525,-0.9881380748503525,-0.9881380748503525,-0.9881380748503525,-0.9881380748503525,-0.9881380748503525,-0.9881380748503525
-0.11328310744639714,-0.11328310744639714,-0.11328310744639714,-0.11328310744639714,-0.11328310744639714,-0.11328310744639714,-0.11328310744639714,-0.11328310744639714,-0.11328310744639714,-0.11328310744639714,-0.11328310744639714,-0.11328310744639714,-0.11328310744639714,-0.11328310744639714,-0.11328310744639714,-0.11328310744639714,-0.11328310744639714,-0.11328310744639714,-0.11328310744639714,-0.11328310744639714,-0.11328310744639714,-0.11328310744639714,-0.11328310744639714,-0.11328310744639714,-0.11328310744639714,-0.11328310744639714,-0.11328310744639714,-0.11328310744639714,-0.11328310744639714,-0.11328310744639714,-0.11328310744639714,-0.11328310744639714,-0.11328310744639714,-0.11328310744639714,-0.11328310744639714,-0.11328310744639714,-0.11328310744639714,-0.11328310744639714,-0.11328310744639714,-0.11328310744639714,-0.11328310744639714,-0.11328310744639714,-0.11328310744639714,-0.11328310744639714,-0.11328310744639714,-0.11328310744639714,-0.11328310744639714,-0.11328310744639714,-0.11328310744639714,-0.11328310744639714,-0.11328310744639714,-0.30257649164224365,-0.30257649164224365,-0.30257649164224365,-0.30257649164224365,-0.30257649164224365,-0.30257649164224365,-0.30257649164224365,-0.30257649164224365,-0.30257649164224365,-0.30257649164224365,-0.30257649164224365,-0.30257649164224365,-0.30257649164224365,-0.30257649164224365,-0.30257649164224365,-0.30257649164224365,-0.30257649164224365,-0.30257649164224365,-0.30257649164224365,-0.30257649164224365,-0.30257649164224365,-0.30257649164224365,-0.30257649164224365,-0.30257649164224365,-0.30257649164224365,-0.30257649164224365,-0.30257649164224365,-0.30257649164224365,-0.30257649164224365,-0.30257649164224365
-0.43430021399899443,-0.43430021399899443,-0.43430021399899443,-0.43430021399899443,-0.43430021399899443,-0.43430021399899443,-0.43430021399899443,-0.43430021399899443,-0.43430021399899443,-0.43430021399899443,-0.4790039415750527,-0.4790039415750527,-0.4790039415750527,-0.4790039415750527,-0.4790039415750527,-0.4790039415750527,-0.4790039415750527,-0.4790039415750527,-0.4790039415750527,-0.4790039415750527,-0.4790039415750527,-0.4790039415750527,-0.4790039415750527,-0.4790039415750527,-0.4790039415750527,-0.4790039415750527,-0.4790039415750527,-0.4790039415750527,-0.6934075958621913,-0.6934075958621913,-0.6934075958621913,-0.6934075958621913,-0.6934075958621913,-0.6934075958621913,-0.6934075958621913,-0.6934075958621913,-0.6934075958621913,-0.6934075958621913,-0.6934075958621913,-0.6934075958621913,-0.6934075958621913,-0.6934075958621913,-0.6934075958621913,-0.6934075958621913,-0.6934075958621913,-0.6934075958621913,-0.6934075958621913,-0.6934075958621913,-0.6934075958621913,-0.6934075958621913,-0.7324981253743915,-0.7324981253743915,-0.7324981253743915,-0.7324981253743915,-0.7324981253743915,-0.7653366246198212,-0.7653366246198212,-0.7653366246198212,-0.7653366246198212,-0.7653366246198212,-0.7653366246198212,-0.7653366246198212,-0.7653366246198212,-0.7653366246198212,-0.7653366246198212,-0.7653366246198212,-0.7653366246198212,-0.7653366246198212,-0.7653366246198212,-0.7653366246198212,-0.7653366246198212,-0.7653366246198212,-0.7754271438810502,-0.7754271438810502,-0.7754271438810502,-0.7754271438810502,-0.7818036445091501,-0.7818036445091501,-0.7818036445091501,-0.8646366382769339,-0.8646366382769339
-0.5556486901485629,-0.5556486901485629,-0.5556486901485629,-0.9904173830740468,-0.9904173830740468,-0.9904173830740468,-0.9904173830740468,-0.9904173830740468,-0.9904173830740468,-0.9981255956775774,-0.9981255956775774,-0.9981255956775774,-0.9981255956775774,-0.9981255956775774,-0.9981255956775774,-0.9981255956775774,-0.9981255956775774,-0.9981255956775774,-0.9981255956775774,-0.9981255956775774,-0.9981255956775774,-0.9981255956775774,-0.9981255956775774,-0.9981255956775774,-0.9981255956775774,-0.9981255956775774,-0.9981255956775774,-0.9981255956775774,-0.9981255956775774,-0.9981255956775774,-0.9981255956775774,-0.9981255956775774,-0.9981255956775774,-0.9981255956775774,-0.9981255956775774,-0.9981255956775774,-0.9981255956775774,-0.9981255956775774,-0.9981255956775774,-0.9981255956775774,-0.9981255956775774,-0.9981255956775774,-0.9981255956775774,-0.9981255956775774,-0.9981255956775774,-0.9981255956775774,-0.9981255956775774,-0.9981255956775774,-0.9981255956775774,-0.9981255956775774,-0.9981255956775774,-0.9981255956775774,-0.9981255956775774,-0.9981255956775774,-0.9981255956775774,-0.9981255956775774,-0.9981255956775774,-0.9981255956775774,-0.9981255956775774,-0.9984113824327027,-0.9984113824327027,-0.9984113824327027,-0.9984113824327027,-0.9984113824327027,-0.9984113824327027,-0.9984113824327027,-0.9984113824327027,-0.9984113824327027,-0.9984113824327027,-0.9984113824327027,-0.9984113824327027,-0.9984113824327027,-0.9984113824327027,-0.9984113824327027,-0.9984113824327027,-0.9984113824327027,-0.9984113824327027,-0.9984113824327027,-0.9984113824327027,-0.9984113824327027,-0.9984113824327027
-0.484900842811001,-0.484900842811001,-0.484900842811001,-0.484900842811001,-0.484900842811001,-0.484900842811001,-0.484900842811001,-0.484900842811001,-0.484900842811001,-0.484900842811001,-0.484900842811001,-0.484900842811001,-0.484900842811001,-0.484900842811001,-0.484900842811001,-0.484900842811001,-0.484900842811001,-0.484900842811001,-0.484900842811001,-0.484900842811001,-0.484900842811001,-0.484900842811001,-0.484900842811001,-0.484900842811001,-0.484900842811001,-0.484900842811001,-0.484900842811001,-0.484900842811001,-0.484900842811001,-0.484900842811001,-0.484900842811001,-0.484900842811001,-0.484900842811001,-0.5191016829232455,-0.5191016829232455,-0.5191016829232455,-0.5191016829232455,-0.5191016829232455,-0.5191016829232455,-0.5191016829232455,-0.5191016829232455,-0.5191016829232455,-0.5191016829232455,-0.5191016829232455,-0.5191016829232455,-0.5191016829232455,-0.5191016829232455,-0.5272125340979033,-0.5272125340979033,-0.6211248830537256,-0.6211248830537256,-0.6211248830537256,-0.6211248830537256,-0.7648501529106199,-0.9716443932613891,-0.9716443932613891,-0.9716443932613891,-0.9716443932613891,-0.9716443932613891,-0.9716443932613891,-0.9716443932613891,-0.9716443932613891,-0.9716443932613891,-0.9716443932613891,-0.9716443932613891,-0.9716443932613891,-0.9716443932613891,-0.9716443932613891,-0.9716443932613891,-0.9716443932613891,-0.9716443932613891,-0.9716443932613891,-0.9716443932613891,-0.9716443932613891,-0.9716443932613891,-0.9716443932613891,-0.9716443932613891,-0.9716443932613891,-0.9716443932613891,-0.9716443932613891,-0.9716443932613891
-0.18028968882963275,-0.18028968882963275,-0.18028968882963275,-0.18028968882963275,-0.9009442937569464,-0.9009442937569464,-0.9009442937569464,-0.9009442937569464,-0.9009442937569464,-0.9009442937569464,-0.9009442937569464,-0.9009442937569464,-0.9009442937569464,-0.9009442937569464,-0.9009442937569464,-0.9009442937569464,-0.9009442937569464,-0.9009442937569464,-0.9009442937569464,-0.9009442937569464,-0.9009442937569464,-0.9009442937569464,-0.9009442937569464,-0.9009442937569464,-0.9009442937569464,-0.9009442937569464,-0.9009442937569464,-0.9169970233117237,-0.9169970233117237,-0.9169970233117237,-0.9169970233117237,-0.9169970233117237,-0.9169970233117237,-0.9169970233117237,-0.9169970233117237,-0.9169970233117237,-0.9169970233117237,-0.9169970233117237,-0.9169970233117237,-0.9169970233117237,-0.9169970233117237,-0.9169970233117237,-0.9169970233117237,-0.9169970233117237,-0.9169970233117237,-0.9169970233117237,-0.9169970233117237,-0.9169970233117237,-0.9169970233117237,-0.9169970233117237,-0.9169970233117237,-0.9169970233117237,-0.9169970233117237,-0.9169970233117237,-0.9169970233117237,-0.9169970233117237,-0.9169970233117237,-0.9169970233117237,-0.9169970233117237,-0.9169970233117237,-0.9169970233117237,-0.9169970233117237,-0.9169970233117237,-0.9169970233117237,-0.9169970233117237,-0.9169970233117237,-0.9169970233117237,-0.9169970233117237,-0.9169970233117237,-0.9169970233117237,-0.9169970233117237,-0.9169970233117237,-0.9169970233117237,-0.9169970233117237,-0.9169970233117237,-0.9169970233117237,-0.9169970233117237,-0.9169970233117237,-0.9169970233117237,-0.9169970233117237,-0.9169970233117237
-0.10159410332982412,-0.10159410332982412,-0.10159410332982412,-0.10159410332982412,-0.10159410332982412,-0.10159410332982412,-0.10159410332982412,-0.10159410332982412,-0.10159410332982412,-0.10159410332982412,-0.10159410332982412,-0.10159410332982412,-0.10159410332982412,-0.10159410332982412,-0.10159410332982412,-0.10159410332982412,-0.10159410332982412,-0.10159410332982412,-0.10159410332982412,-0.10159410332982412,-0.10159410332982412,-0.10159410332982412,-0.10159410332982412,-0.10159410332982412,-0.10159410332982412,-0.10159410332982412,-0.10159410332982412,-0.10159410332982412,-0.10159410332982412,-0.10159410332982412,-0.10159410332982412,-0.10159410332982412,-0.10159410332982412,-0.10159410332982412,-0.10159410332982412,-0.10159410332982412,-0.10159410332982412,-0.10159410332982412,-0.10159410332982412,-0.10159410332982412,-0.1490417072318948,-0.1490417072318948,-0.1490417072318948,-0.1490417072318948,-0.1490417072318948,-0.1490417072318948,-0.1490417072318948,-0.1490417072318948,-0.1490417072318948,-0.1490417072318948,-0.1490417072318948,-0.1490417072318948,-0.1490417072318948,-0.1490417072318948,-0.1490417072318948,-0.1490417072318948,-0.1490417072318948,-0.1490417072318948,-0.1490417072318948,-0.1490417072318948,-0.1490417072318948,-0.1490417072318948,-0.1490417072318948,-0.1490417072318948,-0.1490417072318948,-0.1490417072318948,-0.3239590675156065,-0.3239590675156065,-0.3239590675156065,-0.3239590675156065,-0.3239590675156065,-0.3239590675156065,-0.3239590675156065,-0.3239590675156065,-0.3239590675156065,-0.3239590675156065,-0.3239590675156065,-0.3239590675156065,-0.3239590675156065,-0.3239590675156065,-0.3239590675156065
-0.0076677956093961115,-0.0076677956093961115,-0.0076677956093961115,-0.0076677956093961115,-0.0076677956093961115,-0.0076677956093961115,-0.0076677956093961115,-0.23154477630163198,-0.23154477630163198,-0.23154477630163198,-0.23154477630163198,-0.23154477630163198,-0.23154477630163198,-0.23154477630163198,-0.23154477630163198,-0.23154477630163198,-0.23154477630163198,-0.23154477630163198,-0.23154477630163198,-0.23154477630163198,-0.23154477630163198,-0.23154477630163198,-0.23154477630163198,-0.23154477630163198,-0.23154477630163198,-0.23154477630163198,-0.23154477630163198,-0.23154477630163198,-0.23154477630163198,-0.23154477630163198,-0.23154477630163198,-0.23154477630163198,-0.23154477630163198,-0.23154477630163198,-0.23154477630163198,-0.23154477630163198,-0.23154477630163198,-0.23154477630163198,-0.23154477630163198,-0.6576067052558641,-0.6576067052558641,-0.6576067052558641,-0.6576067052558641,-0.6576067052558641,-0.6576067052558641,-0.6576067052558641,-0.6576067052558641,-0.6576067052558641,-0.6576067052558641,-0.6576067052558641,-0.6576067052558641,-0.6576067052558641,-0.6576067052558641,-0.6576067052558641,-0.6576067052558641,-0.6576067052558641,-0.6576067052558641,-0.6576067052558641,-0.6576067052558641,-0.6576067052558641,-0.6576067052558641,-0.6576067052558641,-0.6576067052558641,-0.6576067052558641,-0.6576067052558641,-0.6576067052558641,-0.6576067052558641,-0.6576067052558641,-0.6576067052558641,-0.6576067052558641,-0.6576067052558641,-0.6576067052558641,-0.6576067052558641,-0.6576067052558641,-0.6576067052558641,-0.6576067052558641,-0.6576067052558641,-0.6576067052558641,-0.6576067052558641,-0.6576067052558641,-0.6576067052558641
-0.5268650479781115,-0.5268650479781115,-0.5268650479781115,-0.5268650479781115,-0.5268650479781115,-0.5268650479781115,-0.5268650479781115,-0.5268650479781115,-0.5268650479781115,-0.5268650479781115,-0.5268650479781115,-0.5268650479781115,-0.5268650479781115,-0.5268650479781115,-0.5268650479781115,-0.5268650479781115,-0.5268650479781115,-0.5268650479781115,-0.5268650479781115,-0.5268650479781115,-0.5268650479781115,-0.5268650479781115,-0.5268650479781115,-0.5268650479781115,-0.5268650479781115,-0.5268650479781115,-0.5268650479781115,-0.5268650479781115,-0.5268650479781115,-0.5268650479781115,-0.5268650479781115,-0.5268650479781115,-0.5268650479781115,-0.5268650479781115,-0.5268650479781115,-0.5268650479781115,-0.5268650479781115,-0.5268650479781115,-0.5268650479781115,-0.5268650479781115,-0.5268650479781115,-0.5268650479781115,-0.5268650479781115,-0.5268650479781115,-0.5268650479781115,-0.5268650479781115,-0.5268650479781115,-0.5268650479781115,-0.5268650479781115,-0.5268650479781115,-0.5268650479781115,-0.5268650479781115,-0.5268650479781115,-0.5268650479781115,-0.5268650479781115,-0.6268864493079424,-0.6268864493079424,-0.6268864493079424,-0.6268864493079424,-0.6268864493079424,-0.6268864493079424,-0.6268864493079424,-0.6848998494661372,-0.6848998494661372,-0.6848998494661372,-0.6848998494661372,-0.6848998494661372,-0.6848998494661372,-0.6848998494661372,-0.6848998494661372,-0.6848998494661372,-0.6848998494661372,-0.6848998494661372,-0.6848998494661372,-0.6848998494661372,-0.6848998494661372,-0.6848998494661372,-0.6848998494661372,-0.6848998494661372,-0.6848998494661372,-0.6848998494661372
-0.0013632425155123231,-0.0013632425155123231,-0.0013632425155123231,-0.0013632425155123231,-0.1872732415165495,-0.1872732415165495,-0.1872732415165495,-0.1872732415165495,-0.1872732415165495,-0.1872732415165495,-0.1872732415165495,-0.1872732415165495,-0.1872732415165495,-0.1872732415165495,-0.1872732415165495,-0.1872732415165495,-0.1872732415165495,-0.1872732415165495,-0.1872732415165495,-0.1872732415165495,-0.1872732415165495,-0.1872732415165495,-0.1872732415165495,-0.1872732415165495,-0.1872732415165495,-0.1872732415165495,-0.1872732415165495,-0.1872732415165495,-0.1872732415165495,-0.1872732415165495,-0.1872732415165495,-0.1872732415165495,-0.1872732415165495,-0.1872732415165495,-0.1872732415165495,-0.1872732415165495,-0.1872732415165495,-0.1872732415165495,-0.1872732415165495,-0.1872732415165495,-0.1872732415165495,-0.1872732415165495,-0.1872732415165495,-0.1872732415165495,-0.1872732415165495,-0.1872732415165495,-0.1872732415165495,-0.1872732415165495,-0.1872732415165495,-0.1872732415165495,-0.1872732415165495,-0.1872732415165495,-0.1872732415165495,-0.1872732415165495,-0.1872732415165495,-0.1872732415165495,-0.1872732415165495,-0.1872732415165495,-0.1872732415165495,-0.1872732415165495,-0.2670124024380952,-0.2670124024380952,-0.2670124024380952,-0.2670124024380952,-0.2670124024380952,-0.2670124024380952,-0.2670124024380952,-0.2670124024380952,-0.2670124024380952,-0.2670124024380952,-0.2670124024380952,-0.2670124024380952,-0.2670124024380952,-0.2670124024380952,-0.2670124024380952,-0.2670124024380952,-0.2670124024380952,-0.2670124024380952,-0.5400379828051243,-0.5400379828051243,-0.5400379828051243
-0.5646451719040971,-0.7092266680741011,-0.7092266680741011,-0.7092266680741011,-0.7450070758557064,-0.7450070758557064,-0.7450070758557064,-0.7450070758557064,-0.9452660040694432,-0.9452660040694432,-0.9452660040694432,-0.9452660040694432,-0.9452660040694432,-0.9452660040694432,-0.9635634653421502,-0.991828131555676,-0.998604611842621,-0.998604611842621,-0.998604611842621,-0.998604611842621,-0.998604611842621,-0.998604611842621,-0.998604611842621,-0.998604611842621,-0.998604611842621,-0.998604611842621,-0.998604611842621,-0.998604611842621,-0.998604611842621,-0.998604611842621,-0.998604611842621,-0.998604611842621,-0.998604611842621,-0.998604611842621,-0.998604611842621,-0.998604611842621,-0.998604611842621,-0.998604611842621,-0.998604611842621,-0.998604611842621,-0.998604611842621,-0.998604611842621,-0.998604611842621,-0.998604611842621,-0.998604611842621,-0.998604611842621,-0.998604611842621,-0.998604611842621,-0.998604611842621,-0.998604611842621,-0.998604611842621,-0.998604611842621,-0.998604611842621,-0.998604611842621,-0.998604611842621,-0.998604611842621,-0.998604611842621,-0.998604611842621,-0.998604611842621,-0.998604611842621,-0.998604611842621,-0.998604611842621,-0.998604611842621,-0.998604611842621,-0.998604611842621,-0.998604611842621,-0.998604611842621,-0.998604611842621,-0.998604611842621,-0.998604611842621,-0.998604611842621,-0.998604611842621,-0.998604611842621,-0.998604611842621,-0.998604611842621,-0.998604611842621,-0.998604611842621,-0.998604611842621,-0.998604611842621,-0.998604611842621,-0.998604611842621
