-0.040882842776403944,-0.040882842776403944,-0.040882842776403944,-0.040882842776403944,-0.040882842776403944,-0.46510471429336653,-0.46510471429336653,-0.46510471429336653,-0.46510471429336653,-0.46510471429336653,-0.46510471429336653,-0.46510471429336653,-0.46510471429336653,-0.49676958070295607,-0.49676958070295607,-0.49676958070295607,-0.49676958070295607,-0.49676958070295607,-0.49676958070295607,-0.49676958070295607,-0.49676958070295607,-0.49676958070295607,-0.49676958070295607,-0.49676958070295607,-0.49676958070295607,-0.49676958070295607,-0.49676958070295607,-0.49676958070295607,-0.49676958070295607,-0.49676958070295607,-0.49676958070295607,-0.49676958070295607,-0.49676958070295607,-0.49676958070295607,-0.49676958070295607,-0.49676958070295607,-0.49676958070295607,-0.49676958070295607,-0.49676958070295607,-0.49676958070295607,-0.49676958070295607,-0.49676958070295607,-0.49676958070295607,-0.49676958070295607,-0.49676958070295607,-0.49676958070295607,-0.49676958070295607,-0.49676958070295607,-0.49676958070295607,-0.49676958070295607,-0.49676958070295607,-0.5294201386285308,-0.5294201386285308,-0.5294201386285308,-0.5294201386285308,-0.5294201386285308,-0.5294201386285308,-0.5294201386285308,-0.5294201386285308,-0.5294201386285308,-0.5294201386285308,-0.5294201386285308,-0.5294201386285308,-0.5294201386285308,-0.5294201386285308,-0.5294201386285308,-0.5294201386285308,-0.5294201386285308,-0.5294201386285308,-0.5294201386285308,-0.5294201386285308,-0.5294201386285308,-0.5294201386285308,-0.5294201386285308,-0.5294201386285308,-0.5294201386285308,-0.5294201386285308,-0.5294201386285308,-0.5294201386285308,-0.5294201386285308,-0.5294201386285308
-0.09293560462980173,-0.09293560462980173,-0.09293560462980173,-0.09293560462980173,-0.09293560462980173,-0.09293560462980173,-0.09293560462980173,-0.09293560462980173,-0.09293560462980173,-0.09293560462980173,-0.09293560462980173,-0.09293560462980173,-0.09293560462980173,-0.09293560462980173,-0.09293560462980173,-0.09293560462980173,-0.09293560462980173,-0.09293560462980173,-0.09293560462980173,-0.09293560462980173,-0.09293560462980173,-0.09293560462980173,-0.4491109881181346,-0.4491109881181346,-0.4491109881181346,-0.4491109881181346,-0.4491109881181346,-0.4491109881181346,-0.4491109881181346,-0.4491109881181346,-0.46931556754450604,-0.46931556754450604,-0.46931556754450604,-0.46931556754450604,-0.46931556754450604,-0.46931556754450604,-0.9046335504384962,-0.9046335504384962,-0.9046335504384962,-0.9046335504384962,-0.9046335504384962,-0.9046335504384962,-0.9046335504384962,-0.9046335504384962,-0.9046335504384962,-0.9046335504384962,-0.9046335504384962,-0.9046335504384962,-0.9046335504384962,-0.9046335504384962,-0.9046335504384962,-0.9046335504384962,-0.9046335504384962,-0.9046335504384962,-0.9046335504384962,-0.9046335504384962,-0.9046335504384962,-0.9046335504384962,-0.9046335504384962,-0.9046335504384962,-0.9046335504384962,-0.9046335504384962,-0.9046335504384962,-0.9046335504384962,-0.9046335504384962,-0.9046335504384962,-0.9046335504384962,-0.9046335504384962,-0.9046335504384962,-0.9046335504384962,-0.9046335504384962,-0.9046335504384962,-0.9046335504384962,-0.9046335504384962,-0.9046335504384962,-0.9046335504384962,-0.9046335504384962,-0.9046335504384962,-0.9046335504384962,-0.9046335504384962,-0.9046335504384962
-0.009263294346330013,-0.009263294346330013,-0.009263294346330013,-0.009263294346330013,-0.009263294346330013,-0.023426858721772338,-0.023426858721772338,-0.023426858721772338,-0.023426858721772338,-0.023426858721772338,-0.023426858721772338,-0.023426858721772338,-0.8067624280208944,-0.8067624280208944,-0.8067624280208944,-0.8067624280208944,-0.8067624280208944,-0.8067624280208944,-0.8067624280208944,-0.8067624280208944,-0.8067624280208944,-0.8067624280208944,-0.8067624280208944,-0.8067624280208944,-0.8067624280208944,-0.8067624280208944,-0.8067624280208944,-0.8067624280208944,-0.8067624280208944,-0.8067624280208944,-0.8067624280208944,-0.8067624280208944,-0.8067624280208944,-0.8067624280208944,-0.8067624280208944,-0.8067624280208944,-0.8067624280208944,-0.8067624280208944,-0.8067624280208944,-0.8067624280208944,-0.8067624280208944,-0.8067624280208944,-0.8067624280208944,-0.8067624280208944,-0.8067624280208944,-0.8067624280208944,-0.8067624280208944,-0.8067624280208944,-0.8067624280208944,-0.8067624280208944,-0.8067624280208944,-0.8067624280208944,-0.8067624280208944,-0.8067624280208944,-0.8067624280208944,-0.8067624280208944,-0.8067624280208944,-0.8067624280208944,-0.8067624280208944,-0.8067624280208944,-0.8067624280208944,-0.8067624280208944,-0.8067624280208944,-0.8067624280208944,-0.8067624280208944,-0.8067624280208944,-0.8067624280208944,-0.8067624280208944,-0.8067624280208944,-0.8067624280208944,-0.8067624280208944,-0.8067624280208944,-0.8067624280208944,-0.8067624280208944,-0.8067624280208944,-0.8067624280208944,-0.8067624280208944,-0.8067624280208944,-0.8067624280208944,-0.8067624280208944,-0.8067624280208944
-0.679039701388531,-0.679039701388531,-0.8752443779135292,-0.8752443779135292,-0.8752443779135292,-0.8752443779135292,-0.8752443779135292,-0.8752443779135292,-0.8752443779135292,-0.8752443779135292,-0.8752443779135292,-0.8752443779135292,-0.8752443779135292,-0.8752443779135292,-0.8752443779135292,-0.8752443779135292,-0.8752443779135292,-0.8752443779135292,-0.8752443779135292,-0.8752443779135292,-0.8752443779135292,-0.8752443779135292,-0.8752443779135292,-0.8752443779135292,-0.8752443779135292,-0.8752443779135292,-0.8752443779135292,-0.8752443779135292,-0.8752443779135292,-0.8752443779135292,-0.8752443779135292,-0.8752443779135292,-0.8752443779135292,-0.8752443779135292,-0.8752443779135292,-0.8752443779135292,-0.8752443779135292,-0.8752443779135292,-0.8752443779135292,-0.8752443779135292,-0.8752443779135292,-0.8752443779135292,-0.8752443779135292,-0.8752443779135292,-0.8752443779135292,-0.8752443779135292,-0.8752443779135292,-0.8752443779135292,-0.8752443779135292,-0.8752443779135292,-0.8752443779135292,-0.8752443779135292,-0.8752443779135292,-0.8752443779135292,-0.8752443779135292,-0.8752443779135292,-0.8752443779135292,-0.8752443779135292,-0.8752443779135292,-0.8752443779135292,-0.8752443779135292,-0.8752443779135292,-0.8752443779135292,-0.8752443779135292,-0.8752443779135292,-0.8752443779135292,-0.8752443779135292,-0.8752443779135292,-0.8752443779135292,-0.8752443779135292,-0.8752443779135292,-0.8752443779135292,-0.8752443779135292,-0.8752443779135292,-0.8752443779135292,-0.8752443779135292,-0.8752443779135292,-0.8752443779135292,-0.8752443779135292,-0.8752443779135292,-0.8752443779135292
-0.07457826604275283,-0.07457826604275283,-0.07457826604275283,-0.07457826604275283,-0.07457826604275283,-0.07457826604275283,-0.07457826604275283,-0.07457826604275283,-0.07457826604275283,-0.07457826604275283,-0.07457826604275283,-0.07457826604275283,-0.07457826604275283,-0.07457826604275283,-0.07457826604275283,-0.07457826604275283,-0.07457826604275283,-0.07457826604275283,-0.07457826604275283,-0.07457826604275283,-0.07457826604275283,-0.07457826604275283,-0.07457826604275283,-0.07457826604275283,-0.07457826604275283,-0.07457826604275283,-0.07457826604275283,-0.07457826604275283,-0.07457826604275283,-0.07457826604275283,-0.07457826604275283,-0.07457826604275283,-0.07457826604275283,-0.07457826604275283,-0.07457826604275283,-0.07457826604275283,-0.07457826604275283,-0.07457826604275283,-0.07457826604275283,-0.07457826604275283,-0.07457826604275283,-0.07457826604275283,-0.07457826604275283,-0.07457826604275283,-0.07457826604275283,-0.07457826604275283,-0.07457826604275283,-0.07457826604275283,-0.07457826604275283,-0.07457826604275283,-0.07457826604275283,-0.07457826604275283,-0.07457826604275283,-0.07457826604275283,-0.07457826604275283,-0.07457826604275283,-0.07457826604275283,-0.07457826604275283,-0.07457826604275283,-0.07457826604275283,-0.07457826604275283,-0.07457826604275283,-0.07457826604275283,-0.07457826604275283,-0.37835830185915736,-0.37835830185915736,-0.37835830185915736,-0.37835830185915736,-0.37835830185915736,-0.37835830185915736,-0.37835830185915736,-0.37835830185915736,-0.37835830185915736,-0.37835830185915736,-0.37835830185915736,-0.37835830185915736,-0.37835830185915736,-0.37835830185915736,-0.37835830185915736,-0.37835830185915736,-0.37835830185915736
-0.16585059481176334,-0.16585059481176334,-0.16779798541701962,-0.16779798541701962,-0.16779798541701962,-0.16779798541701962,-0.16779798541701962,-0.16779798541701962,-0.16779798541701962,-0.16779798541701962,-0.16779798541701962,-0.16779798541701962,-0.16779798541701962,-0.16779798541701962,-0.16779798541701962,-0.16779798541701962,-0.16779798541701962,-0.16779798541701962,-0.16779798541701962,-0.5292820069537618,-0.5292820069537618,-0.5292820069537618,-0.5292820069537618,-0.5292820069537618,-0.5292820069537618,-0.5292820069537618,-0.5292820069537618,-0.5292820069537618,-0.5292820069537618,-0.5292820069537618,-0.5292820069537618,-0.5292820069537618,-0.5292820069537618,-0.5292820069537618,-0.5292820069537618,-0.5292820069537618,-0.5292820069537618,-0.5292820069537618,-0.5292820069537618,-0.5292820069537618,-0.5292820069537618,-0.5292820069537618,-0.5292820069537618,-0.5292820069537618,-0.5292820069537618,-0.5292820069537618,-0.5292820069537618,-0.5292820069537618,-0.5292820069537618,-0.5292820069537618,-0.5292820069537618,-0.5292820069537618,-0.5292820069537618,-0.5292820069537618,-0.5292820069537618,-0.5292820069537618,-0.5292820069537618,-0.5292820069537618,-0.5292820069537618,-0.5292820069537618,-0.5292820069537618,-0.5292820069537618,-0.5292820069537618,-0.5292820069537618,-0.5292820069537618,-0.5292820069537618,-0.5292820069537618,-0.5292820069537618,-0.5292820069537618,-0.5292820069537618,-0.5292820069537618,-0.5292820069537618,-0.5292820069537618,-0.5292820069537618,-0.5292820069537618,-0.5292820069537618,-0.5292820069537618,-0.7509966671692988,-0.7509966671692988,-0.7509966671692988,-0.7509966671692988
-0.27995904386083853,-0.27995904386083853,-0.27995904386083853,-0.27995904386083853,-0.27995904386083853,-0.3181585507034097,-0.3181585507034097,-0.3181585507034097,-0.3181585507034097,-0.3181585507034097,-0.3181585507034097,-0.3181585507034097,-0.3181585507034097,-0.3181585507034097,-0.3181585507034097,-0.3181585507034097,-0.3181585507034097,-0.3181585507034097,-0.3181585507034097,-0.3181585507034097,-0.3181585507034097,-0.3181585507034097,-0.3181585507034097,-0.3181585507034097,-0.3181585507034097,-0.3181585507034097,-0.3181585507034097,-0.3181585507034097,-0.3181585507034097,-0.3181585507034097,-0.3181585507034097,-0.3181585507034097,-0.3181585507034097,-0.3181585507034097,-0.3181585507034097,-0.3181585507034097,-0.3181585507034097,-0.3181585507034097,-0.3181585507034097,-0.3181585507034097,-0.3181585507034097,-0.3181585507034097,-0.3181585507034097,-0.3181585507034097,-0.3181585507034097,-0.3181585507034097,-0.3181585507034097,-0.3181585507034097,-0.3181585507034097,-0.3181585507034097,-0.3181585507034097,-0.3181585507034097,-0.3181585507034097,-0.3181585507034097,-0.3181585507034097,-0.3181585507034097,-0.3181585507034097,-0.3181585507034097,-0.3181585507034097,-0.3181585507034097,-0.3181585507034097,-0.3181585507034097,-0.3181585507034097,-0.3181585507034097,-0.3181585507034097,-0.3181585507034097,-0.3181585507034097,-0.3181585507034097,-0.3181585507034097,-0.3181585507034097,-0.3181585507034097,-0.3181585507034097,-0.3181585507034097,-0.3181585507034097,-0.3181585507034097,-0.3181585507034097,-0.3181585507034097,-0.3181585507034097,-0.3181585507034097,-0.3181585507034097,-0.3181585507034097
-0.23507125445236352,-0.23507125445236352,-0.36653296543968283,-0.36653296543968283,-0.36653296543968283,-0.36653296543968283,-0.36653296543968283,-0.36653296543968283,-0.36653296543968283,-0.36653296543968283,-0.36653296543968283,-0.36653296543968283,-0.36653296543968283,-0.36653296543968283,-0.36653296543968283,-0.36653296543968283,-0.36653296543968283,-0.36653296543968283,-0.36653296543968283,-0.36653296543968283,-0.36653296543968283,-0.36653296543968283,-0.36653296543968283,-0.36653296543968283,-0.36653296543968283,-0.36653296543968283,-0.36653296543968283,-0.36653296543968283,-0.36653296543968283,-0.36653296543968283,-0.36653296543968283,-0.36653296543968283,-0.36653296543968283,-0.36653296543968283,-0.36653296543968283,-0.36653296543968283,-0.36653296543968283,-0.36653296543968283,-0.36653296543968283,-0.36653296543968283,-0.36653296543968283,-0.36653296543968283,-0.36653296543968283,-0.36653296543968283,-0.36653296543968283,-0.36653296543968283,-0.36653296543968283,-0.36653296543968283,-0.36653296543968283,-0.36653296543968283,-0.36653296543968283,-0.36653296543968283,-0.36653296543968283,-0.36653296543968283,-0.36653296543968283,-0.36653296543968283,-0.36653296543968283,-0.36653296543968283,-0.36653296543968283,-0.36653296543968283,-0.36653296543968283,-0.7451323012717309,-0.7451323012717309,-0.7451323012717309,-0.7451323012717309,-0.7451323012717309,-0.7451323012717309,-0.7451323012717309,-0.7451323012717309,-0.7451323012717309,-0.7451323012717309,-0.7451323012717309,-0.7451323012717309,-0.7451323012717309,-0.7451323012717309,-0.7451323012717309,-0.7451323012717309,-0.7451323012717309,-0.7451323012717309,-0.7451323012717309,-0.7451323012717309
-0.061463671125727835,-0.061463671125727835,-0.061463671125727835,-0.061463671125727835,-0.061463671125727835,-0.061463671125727835,-0.061463671125727835,-0.061463671125727835,-0.061463671125727835,-0.061463671125727835,-0.061463671125727835,-0.061463671125727835,-0.061463671125727835,-0.061463671125727835,-0.1649868202491153,-0.1649868202491153,-0.252232879607793,-0.252232879607793,-0.252232879607793,-0.252232879607793,-0.252232879607793,-0.252232879607793,-0.252232879607793,-0.252232879607793,-0.321692497220287,-0.321692497220287,-0.321692497220287,-0.321692497220287,-0.321692497220287,-0.321692497220287,-0.321692497220287,-0.321692497220287,-0.321692497220287,-0.321692497220287,-0.321692497220287,-0.321692497220287,-0.321692497220287,-0.321692497220287,-0.321692497220287,-0.321692497220287,-0.321692497220287,-0.321692497220287,-0.321692497220287,-0.321692497220287,-0.321692497220287,-0.321692497220287,-0.321692497220287,-0.321692497220287,-0.321692497220287,-0.321692497220287,-0.321692497220287,-0.321692497220287,-0.321692497220287,-0.321692497220287,-0.321692497220287,-0.321692497220287,-0.321692497220287,-0.321692497220287,-0.321692497220287,-0.321692497220287,-0.321692497220287,-0.321692497220287,-0.321692497220287,-0.321692497220287,-0.321692497220287,-0.321692497220287,-0.321692497220287,-0.321692497220287,-0.321692497220287,-0.321692497220287,-0.321692497220287,-0.321692497220287,-0.321692497220287,-0.321692497220287,-0.321692497220287,-0.321692497220287,-0.4062496320638454,-0.4062496320638454,-0.4062496320638454,-0.4062496320638454,-0.4062496320638454
-0.07671554359818829,-0.07671554359818829,-0.07671554359818829,-0.07671554359818829,-0.07671554359818829,-0.07671554359818829,-0.07671554359818829,-0.07671554359818829,-0.07671554359818829,-0.07671554359818829,-0.07671554359818829,-0.07671554359818829,-0.07671554359818829,-0.07671554359818829,-0.07671554359818829,-0.07671554359818829,-0.17971591113558258,-0.17971591113558258,-0.17971591113558258,-0.17971591113558258,-0.17971591113558258,-0.17971591113558258,-0.17971591113558258,-0.17971591113558258,-0.17971591113558258,-0.17971591113558258,-0.17971591113558258,-0.19798724716120938,-0.19798724716120938,-0.19798724716120938,-0.19798724716120938,-0.19798724716120938,-0.19798724716120938,-0.19798724716120938,-0.19798724716120938,-0.19798724716120938,-0.19798724716120938,-0.19798724716120938,-0.19798724716120938,-0.19798724716120938,-0.19798724716120938,-0.19798724716120938,-0.19798724716120938,-0.19798724716120938,-0.19798724716120938,-0.19798724716120938,-0.19798724716120938,-0.19798724716120938,-0.19798724716120938,-0.19798724716120938,-0.19798724716120938,-0.19798724716120938,-0.19798724716120938,-0.19798724716120938,-0.19798724716120938,-0.19798724716120938,-0.19798724716120938,-0.19798724716120938,-0.19798724716120938,-0.19798724716120938,-0.19798724716120938,-0.19798724716120938,-0.19798724716120938,-0.19798724716120938,-0.19798724716120938,-0.19798724716120938,-0.19798724716120938,-0.19798724716120938,-0.19798724716120938,-0.19798724716120938,-0.19798724716120938,-0.19798724716120938,-0.19798724716120938,-0.19798724716120938,-0.19798724716120938,-0.19798724716120938,-0.19798724716120938,-0.19798724716120938,-0.19798724716120938,-0.19798724716120938,-0.19798724716120938
-0.034995075461426904,-0.034995075461426904,-0.034995075461426904,-0.06423469866180975,-0.06423469866180975,-0.06423469866180975,-0.06423469866180975,-0.06423469866180975,-0.06423469866180975,-0.06423469866180975,-0.06423469866180975,-0.06423469866180975,-0.06423469866180975,-0.06423469866180975,-0.06423469866180975,-0.06423469866180975,-0.06423469866180975,-0.06423469866180975,-0.06423469866180975,-0.06423469866180975,-0.18789416776835566,-0.18789416776835566,-0.18789416776835566,-0.18789416776835566,-0.18789416776835566,-0.18789416776835566,-0.18789416776835566,-0.18789416776835566,-0.18789416776835566,-0.18789416776835566,-0.2524785609893948,-0.2524785609893948,-0.2524785609893948,-0.2524785609893948,-0.2524785609893948,-0.2524785609893948,-0.2524785609893948,-0.2524785609893948,-0.2524785609893948,-0.2524785609893948,-0.2524785609893948,-0.2524785609893948,-0.2524785609893948,-0.2524785609893948,-0.2524785609893948,-0.2524785609893948,-0.2524785609893948,-0.2524785609893948,-0.2524785609893948,-0.2524785609893948,-0.2765570111811781,-0.2765570111811781,-0.2765570111811781,-0.2765570111811781,-0.2765570111811781,-0.2765570111811781,-0.2765570111811781,-0.2765570111811781,-0.2765570111811781,-0.2765570111811781,-0.2765570111811781,-0.2765570111811781,-0.2765570111811781,-0.2765570111811781,-0.2765570111811781,-0.2765570111811781,-0.2765570111811781,-0.2765570111811781,-0.2765570111811781,-0.2765570111811781,-0.2765570111811781,-0.2765570111811781,-0.2765570111811781,-0.2765570111811781,-0.2765570111811781,-0.2765570111811781,-0.2765570111811781,-0.2765570111811781,-0.2765570111811781,-0.2765570111811781,-0.2765570111811781
-0.5485717249113615,-0.8434753111918476,-0.8434753111918476,-0.9199181519989515,-0.9199181519989515,-0.9199181519989515,-0.9199181519989515,-0.9199181519989515,-0.9199181519989515,-0.9199181519989515,-0.9199181519989515,-0.9199181519989515,-0.9199181519989515,-0.9199181519989515,-0.9199181519989515,-0.9199181519989515,-0.9199181519989515,-0.9199181519989515,-0.9199181519989515,-0.9199181519989515,-0.9199181519989515,-0.9199181519989515,-0.9199181519989515,-0.9199181519989515,-0.9199181519989515,-0.9199181519989515,-0.9199181519989515,-0.9199181519989515,-0.9199181519989515,-0.9199181519989515,-0.9199181519989515,-0.9199181519989515,-0.9199181519989515,-0.9199181519989515,-0.9199181519989515,-0.9199181519989515,-0.9199181519989515,-0.9199181519989515,-0.9199181519989515,-0.9199181519989515,-0.9199181519989515,-0.9199181519989515,-0.9199181519989515,-0.9199181519989515,-0.9199181519989515,-0.9199181519989515,-0.9199181519989515,-0.9199181519989515,-0.9199181519989515,-0.9199181519989515,-0.9199181519989515,-0.9199181519989515,-0.9199181519989515,-0.9199181519989515,-0.9199181519989515,-0.9199181519989515,-0.9199181519989515,-0.9199181519989515,-0.9199181519989515,-0.9199181519989515,-0.9199181519989515,-0.9199181519989515,-0.9199181519989515,-0.9199181519989515,-0.9199181519989515,-0.9199181519989515,-0.9199181519989515,-0.9199181519989515,-0.9199181519989515,-0.9199181519989515,-0.9199181519989515,-0.9199181519989515,-0.9199181519989515,-0.9199181519989515,-0.9199181519989515,-0.9199181519989515,-0.9199181519989515,-0.9199181519989515,-0.9199181519989515,-0.9199181519989515,-0.9199181519989515
-0.6127143434092213,-0.6127143434092213,-0.6127143434092213,-0.6127143434092213,-0.6127143434092213,-0.6127143434092213,-0.6127143434092213,-0.6127143434092213,-0.6127143434092213,-0.6127143434092213,-0.6127143434092213,-0.6127143434092213,-0.6127143434092213,-0.6127143434092213,-0.6127143434092213,-0.6726896540870638,-0.6726896540870638,-0.6726896540870638,-0.6726896540870638,-0.6726896540870638,-0.6726896540870638,-0.6726896540870638,-0.6726896540870638,-0.6726896540870638,-0.6726896540870638,-0.6726896540870638,-0.6726896540870638,-0.6726896540870638,-0.6726896540870638,-0.6726896540870638,-0.6726896540870638,-0.6726896540870638,-0.6726896540870638,-0.6726896540870638,-0.6726896540870638,-0.6726896540870638,-0.6726896540870638,-0.6726896540870638,-0.6726896540870638,-0.6726896540870638,-0.6726896540870638,-0.6726896540870638,-0.6726896540870638,-0.6726896540870638,-0.6726896540870638,-0.6963087088432157,-0.6963087088432157,-0.6963087088432157,-0.6963087088432157,-0.6963087088432157,-0.6963087088432157,-0.6963087088432157,-0.6963087088432157,-0.6963087088432157,-0.6963087088432157,-0.6963087088432157,-0.6963087088432157,-0.6963087088432157,-0.6963087088432157,-0.6963087088432157,-0.6963087088432157,-0.6963087088432157,-0.6963087088432157,-0.6963087088432157,-0.6963087088432157,-0.6963087088432157,-0.6963087088432157,-0.6963087088432157,-0.6963087088432157,-0.6963087088432157,-0.6963087088432157,-0.6963087088432157,-0.6963087088432157,-0.6963087088432157,-0.6963087088432157,-0.6963087088432157,-0.6963087088432157,-0.6963087088432157,-0.6963087088432157,-0.6963087088432157,-0.6963087088432157
-0.952557993434573,-0.952557993434573,-0.952557993434573,-0.952557993434573,-0.952557993434573,-0.952557993434573,-0.952557993434573,-0.952557993434573,-0.952557993434573,-0.952557993434573,-0.952557993434573,-0.952557993434573,-0.952557993434573,-0.952557993434573,-0.952557993434573,-0.952557993434573,-0.952557993434573,-0.952557993434573,-0.952557993434573,-0.952557993434573,-0.952557993434573,-0.952557993434573,-0.952557993434573,-0.952557993434573,-0.952557993434573,-0.952557993434573,-0.952557993434573,-0.952557993434573,-0.952557993434573,-0.952557993434573,-0.952557993434573,-0.952557993434573,-0.952557993434573,-0.952557993434573,-0.952557993434573,-0.952557993434573,-0.952557993434573,-0.952557993434573,-0.952557993434573,-0.952557993434573,-0.952557993434573,-0.952557993434573,-0.952557993434573,-0.952557993434573,-0.952557993434573,-0.952557993434573,-0.952557993434573,-0.952557993434573,-0.952557993434573,-0.952557993434573,-0.952557993434573,-0.952557993434573,-0.952557993434573,-0.952557993434573,-0.952557993434573,-0.952557993434573,-0.952557993434573,-0.952557993434573,-0.952557993434573,-0.952557993434573,-0.952557993434573,-0.952557993434573,-0.952557993434573,-0.952557993434573,-0.952557993434573,-0.952557993434573,-0.952557993434573,-0.952557993434573,-0.952557993434573,-0.952557993434573,-0.952557993434573,-0.952557993434573,-0.952557993434573,-0.952557993434573,-0.952557993434573,-0.952557993434573,-0.952557993434573,-0.952557993434573,-0.952557993434573,-0.952557993434573,-0.952557993434573
-0.46449193641449943,-0.46449193641449943,-0.46449193641449943,-0.46449193641449943,-0.5487825567760848,-0.5487825567760848,-0.5487825567760848,-0.5487825567760848,-0.5487825567760848,-0.5487825567760848,-0.5487825567760848,-0.5487825567760848,-0.5487825567760848,-0.5487825567760848,-0.5487825567760848,-0.5487825567760848,-0.5487825567760848,-0.5487825567760848,-0.5487825567760848,-0.5487825567760848,-0.5487825567760848,-0.5487825567760848,-0.5487825567760848,-0.5487825567760848,-0.5487825567760848,-0.5487825567760848,-0.5487825567760848,-0.5487825567760848,-0.5487825567760848,-0.5487825567760848,-0.5487825567760848,-0.5487825567760848,-0.5487825567760848,-0.5487825567760848,-0.5487825567760848,-0.5487825567760848,-0.5487825567760848,-0.5487825567760848,-0.5487825567760848,-0.5487825567760848,-0.5487825567760848,-0.5487825567760848,-0.5487825567760848,-0.5487825567760848,-0.5487825567760848,-0.5487825567760848,-0.5487825567760848,-0.5487825567760848,-0.5487825567760848,-0.5487825567760848,-0.5487825567760848,-0.5487825567760848,-0.5487825567760848,-0.5487825567760848,-0.5487825567760848,-0.5487825567760848,-0.5487825567760848,-0.5487825567760848,-0.5487825567760848,-0.5487825567760848,-0.5487825567760848,-0.5487825567760848,-0.5487825567760848,-0.5487825567760848,-0.5487825567760848,-0.5487825567760848,-0.5487825567760848,-0.5487825567760848,-0.5487825567760848,-0.5487825567760848,-0.5487825567760848,-0.5487825567760848,-0.5487825567760848,-0.5487825567760848,-0.5487825567760848,-0.5487825567760848,-0.5487825567760848,-0.5487825567760848,-0.5487825567760848,-0.5487825567760848,-0.5487825567760848
-0.35626182693589026,-0.35626182693589026,-0.35626182693589026,-0.35626182693589026,-0.35626182693589026,-0.35626182693589026,-0.35626182693589026,-0.35626182693589026,-0.35626182693589026,-0.35626182693589026,-0.35626182693589026,-0.35626182693589026,-0.35626182693589026,-0.35626182693589026,-0.35626182693589026,-0.35626182693589026,-0.35626182693589026,-0.35626182693589026,-0.35626182693589026,-0.35626182693589026,-0.35626182693589026,-0.35626182693589026,-0.35626182693589026,-0.35626182693589026,-0.35626182693589026,-0.35626182693589026,-0.35626182693589026,-0.35626182693589026,-0.35626182693589026,-0.35626182693589026,-0.35626182693589026,-0.35626182693589026,-0.35626182693589026,-0.35626182693589026,-0.35626182693589026,-0.35626182693589026,-0.35626182693589026,-0.35626182693589026,-0.35626182693589026,-0.35626182693589026,-0.35626182693589026,-0.35626182693589026,-0.35626182693589026,-0.35626182693589026,-0.35626182693589026,-0.35626182693589026,-0.35626182693589026,-0.35626182693589026,-0.35626182693589026,-0.35626182693589026,-0.35626182693589026,-0.35626182693589026,-0.35626182693589026,-0.35626182693589026,-0.35626182693589026,-0.35626182693589026,-0.35626182693589026,-0.35626182693589026,-0.35626182693589026,-0.35626182693589026,-0.35626182693589026,-0.35626182693589026,-0.35626182693589026,-0.35626182693589026,-0.35626182693589026,-0.35626182693589026,-0.35626182693589026,-0.35626182693589026,-0.35626182693589026,-0.35626182693589026,-0.35626182693589026,-0.35626182693589026,-0.35626182693589026,-0.35626182693589026,-0.35626182693589026,-0.35626182693589026,-0.35626182693589026,-0.4077604436183336,-0.4077604436183336,-0.4077604436183336,-0.4077604436183336
-0.6219231632020291,-0.6219231632020291,-0.6219231632020291,-0.6219231632020291,-0.6219231632020291,-0.6219231632020291,-0.6219231632020291,-0.6219231632020291,-0.6219231632020291,-0.6219231632020291,-0.6219231632020291,-0.6219231632020291,-0.6219231632020291,-0.6219231632020291,-0.6219231632020291,-0.6219231632020291,-0.6219231632020291,-0.6219231632020291,-0.6219231632020291,-0.6219231632020291,-0.6219231632020291,-0.6219231632020291,-0.6219231632020291,-0.6219231632020291,-0.6219231632020291,-0.6219231632020291,-0.6219231632020291,-0.6219231632020291,-0.6219231632020291,-0.6219231632020291,-0.6219231632020291,-0.6219231632020291,-0.6219231632020291,-0.6219231632020291,-0.6219231632020291,-0.6219231632020291,-0.6219231632020291,-0.6219231632020291,-0.6219231632020291,-0.6219231632020291,-0.6219231632020291,-0.6219231632020291,-0.6219231632020291,-0.6219231632020291,-0.6219231632020291,-0.6219231632020291,-0.6219231632020291,-0.6219231632020291,-0.6219231632020291,-0.6219231632020291,-0.6219231632020291,-0.6219231632020291,-0.6219231632020291,-0.6219231632020291,-0.6219231632020291,-0.6219231632020291,-0.6219231632020291,-0.6219231632020291,-0.6219231632020291,-0.6219231632020291,-0.6219231632020291,-0.6219231632020291,-0.6219231632020291,-0.6219231632020291,-0.6219231632020291,-0.6219231632020291,-0.6219231632020291,-0.6219231632020291,-0.6219231632020291,-0.6219231632020291,-0.6219231632020291,-0.7982543505734307,-0.7982543505734307,-0.7982543505734307,-0.7982543505734307,-0.7982543505734307,-0.7982543505734307,-0.7982543505734307,-0.7982543505734307,-0.7982543505734307,-0.7982543505734307
-0.15386387488124487,-0.15386387488124487,-0.15386387488124487,-0.15386387488124487,-0.15386387488124487,-0.15386387488124487,-0.15386387488124487,-0.15386387488124487,-0.15386387488124487,-0.15386387488124487,-0.15386387488124487,-0.15386387488124487,-0.15386387488124487,-0.15386387488124487,-0.15386387488124487,-0.15386387488124487,-0.15386387488124487,-0.15386387488124487,-0.15386387488124487,-0.15386387488124487,-0.15386387488124487,-0.15386387488124487,-0.15386387488124487,-0.15386387488124487,-0.15386387488124487,-0.15386387488124487,-0.15386387488124487,-0.20358130849715642,-0.20358130849715642,-0.20358130849715642,-0.20358130849715642,-0.20358130849715642,-0.20358130849715642,-0.20358130849715642,-0.20358130849715642,-0.20358130849715642,-0.20358130849715642,-0.20358130849715642,-0.20358130849715642,-0.20358130849715642,-0.20358130849715642,-0.20358130849715642,-0.20358130849715642,-0.20358130849715642,-0.20358130849715642,-0.20358130849715642,-0.20358130849715642,-0.20358130849715642,-0.20358130849715642,-0.20358130849715642,-0.20358130849715642,-0.20358130849715642,-0.20358130849715642,-0.20358130849715642,-0.20358130849715642,-0.20358130849715642,-0.20358130849715642,-0.20358130849715642,-0.20358130849715642,-0.20358130849715642,-0.20358130849715642,-0.20358130849715642,-0.20358130849715642,-0.20358130849715642,-0.20358130849715642,-0.20358130849715642,-0.20358130849715642,-0.20358130849715642,-0.20358130849715642,-0.20358130849715642,-0.20358130849715642,-0.20358130849715642,-0.20358130849715642,-0.20358130849715642,-0.20358130849715642,-0.20358130849715642,-0.20358130849715642,-0.20358130849715642,-0.20358130849715642,-0.20358130849715642,-0.20358130849715642
-0.024980106373347057,-0.024980106373347057,-0.024980106373347057,-0.024980106373347057,-0.024980106373347057,-0.2169064756075645,-0.2169064756075645,-0.2169064756075645,-0.2169064756075645,-0.2169064756075645,-0.2693153418417506,-0.2693153418417506,-0.2693153418417506,-0.2693153418417506,-0.2693153418417506,-0.2693153418417506,-0.2693153418417506,-0.2693153418417506,-0.2693153418417506,-0.2693153418417506,-0.2693153418417506,-0.2693153418417506,-0.2693153418417506,-0.2693153418417506,-0.2693153418417506,-0.2693153418417506,-0.2693153418417506,-0.2693153418417506,-0.2693153418417506,-0.2693153418417506,-0.2693153418417506,-0.2693153418417506,-0.2693153418417506,-0.2693153418417506,-0.2693153418417506,-0.2693153418417506,-0.2693153418417506,-0.2693153418417506,-0.31386820173540886,-0.31386820173540886,-0.31386820173540886,-0.31386820173540886,-0.31386820173540886,-0.31386820173540886,-0.31386820173540886,-0.31386820173540886,-0.31386820173540886,-0.31386820173540886,-0.31386820173540886,-0.31386820173540886,-0.31386820173540886,-0.31386820173540886,-0.31386820173540886,-0.7203725730642522,-0.7203725730642522,-0.7203725730642522,-0.7203725730642522,-0.7203725730642522,-0.7203725730642522,-0.7203725730642522,-0.7203725730642522,-0.7203725730642522,-0.7203725730642522,-0.7203725730642522,-0.7203725730642522,-0.7203725730642522,-0.7203725730642522,-0.7203725730642522,-0.7203725730642522,-0.7203725730642522,-0.7203725730642522,-0.7203725730642522,-0.7203725730642522,-0.7203725730642522,-0.7203725730642522,-0.7203725730642522,-0.7203725730642522,-0.7203725730642522,-0.7203725730642522,-0.7203725730642522,-0.7203725730642522
-0.9232276229406772,-0.9232276229406772,-0.9232276229406772,-0.9232276229406772,-0.9232276229406772,-0.9232276229406772,-0.9232276229406772,-0.9232276229406772,-0.9232276229406772,-0.9232276229406772,-0.9232276229406772,-0.9232276229406772,-0.9232276229406772,-0.9232276229406772,-0.9232276229406772,-0.9232276229406772,-0.9232276229406772,-0.9232276229406772,-0.9232276229406772,-0.9232276229406772,-0.9232276229406772,-0.9232276229406772,-0.9232276229406772,-0.9232276229406772,-0.9232276229406772,-0.9232276229406772,-0.9232276229406772,-0.9232276229406772,-0.9232276229406772,-0.9232276229406772,-0.9232276229406772,-0.9232276229406772,-0.9232276229406772,-0.9232276229406772,-0.9232276229406772,-0.9232276229406772,-0.9232276229406772,-0.9232276229406772,-0.9232276229406772,-0.9232276229406772,-0.9232276229406772,-0.9232276229406772,-0.9232276229406772,-0.9232276229406772,-0.9232276229406772,-0.9232276229406772,-0.9232276229406772,-0.9232276229406772,-0.9232276229406772,-0.9232276229406772,-0.9232276229406772,-0.9232276229406772,-0.9232276229406772,-0.9232276229406772,-0.9232276229406772,-0.9232276229406772,-0.9232276229406772,-0.9232276229406772,-0.9232276229406772,-0.9232276229406772,-0.9232276229406772,-0.9232276229406772,-0.9232276229406772,-0.9232276229406772,-0.9232276229406772,-0.9232276229406772,-0.9232276229406772,-0.9232276229406772,-0.9232276229406772,-0.9232276229406772,-0.9232276229406772,-0.9232276229406772,-0.9232276229406772,-0.9232276229406772,-0.9232276229406772,-0.9232276229406772,-0.9232276229406772,-0.9232276229406772,-0.9232276229406772,-0.9232276229406772,-0.9232276229406772
-0.11328310744639714,-0.11328310744639714,-0.11328310744639714,-0.11328310744639714,-0.11328310744639714,-0.11328310744639714,-0.11328310744639714,-0.11328310744639714,-0.11328310744639714,-0.11328310744639714,-0.12833012004300878,-0.12833012004300878,-0.12833012004300878,-0.12833012004300878,-0.12833012004300878,-0.12833012004300878,-0.162892930716676,-0.162892930716676,-0.162892930716676,-0.162892930716676,-0.162892930716676,-0.162892930716676,-0.162892930716676,-0.162892930716676,-0.162892930716676,-0.162892930716676,-0.162892930716676,-0.162892930716676,-0.162892930716676,-0.162892930716676,-0.162892930716676,-0.162892930716676,-0.162892930716676,-0.162892930716676,-0.162892930716676,-0.162892930716676,-0.162892930716676,-0.162892930716676,-0.3600838537793146,-0.3600838537793146,-0.3600838537793146,-0.3600838537793146,-0.3600838537793146,-0.3600838537793146,-0.3600838537793146,-0.3600838537793146,-0.3600838537793146,-0.3600838537793146,-0.3600838537793146,-0.3600838537793146,-0.3600838537793146,-0.3600838537793146,-0.3600838537793146,-0.3600838537793146,-0.3600838537793146,-0.3600838537793146,-0.3600838537793146,-0.3600838537793146,-0.3600838537793146,-0.3600838537793146,-0.3600838537793146,-0.3600838537793146,-0.3600838537793146,-0.3600838537793146,-0.3600838537793146,-0.3600838537793146,-0.3600838537793146,-0.3600838537793146,-0.3600838537793146,-0.3600838537793146,-0.3600838537793146,-0.3600838537793146,-0.4052883178842235,-0.4052883178842235,-0.4052883178842235,-0.4052883178842235,-0.4052883178842235,-0.4052883178842235,-0.4052883178842235,-0.4052883178842235,-0.4052883178842235
-0.43430021399899443,-0.43430021399899443,-0.43430021399899443,-0.43430021399899443,-0.43430021399899443,-0.43430021399899443,-0.43430021399899443,-0.43430021399899443,-0.43430021399899443,-0.43430021399899443,-0.43430021399899443,-0.4737406948947138,-0.4737406948947138,-0.4737406948947138,-0.4737406948947138,-0.4737406948947138,-0.4737406948947138,-0.4737406948947138,-0.4737406948947138,-0.4737406948947138,-0.4737406948947138,-0.4737406948947138,-0.4737406948947138,-0.4737406948947138,-0.4737406948947138,-0.4737406948947138,-0.4737406948947138,-0.4737406948947138,-0.4737406948947138,-0.4737406948947138,-0.4737406948947138,-0.4737406948947138,-0.4737406948947138,-0.4737406948947138,-0.4737406948947138,-0.4737406948947138,-0.4737406948947138,-0.4737406948947138,-0.4737406948947138,-0.4737406948947138,-0.4737406948947138,-0.4737406948947138,-0.4737406948947138,-0.4737406948947138,-0.4737406948947138,-0.4737406948947138,-0.4737406948947138,-0.4737406948947138,-0.4737406948947138,-0.4737406948947138,-0.4737406948947138,-0.4737406948947138,-0.4737406948947138,-0.4737406948947138,-0.4737406948947138,-0.4737406948947138,-0.4737406948947138,-0.4737406948947138,-0.4737406948947138,-0.4737406948947138,-0.4737406948947138,-0.4737406948947138,-0.4737406948947138,-0.4737406948947138,-0.4737406948947138,-0.4737406948947138,-0.4737406948947138,-0.4737406948947138,-0.4737406948947138,-0.4737406948947138,-0.4737406948947138,-0.4737406948947138,-0.4737406948947138,-0.4737406948947138,-0.4737406948947138,-0.4737406948947138,-0.4737406948947138,-0.4737406948947138,-0.4737406948947138,-0.4737406948947138,-0.4737406948947138
-0.5556486901485629,-0.5556486901485629,-0.5556486901485629,-0.5556486901485629,-0.5556486901485629,-0.5556486901485629,-0.5556486901485629,-0.5556486901485629,-0.5556486901485629,-0.5556486901485629,-0.5556486901485629,-0.5556486901485629,-0.7238240018466012,-0.874339850685614,-0.874339850685614,-0.874339850685614,-0.874339850685614,-0.874339850685614,-0.874339850685614,-0.9957191307604736,-0.9957191307604736,-0.9957191307604736,-0.9957191307604736,-0.9957191307604736,-0.9957191307604736,-0.9957191307604736,-0.9957191307604736,-0.9957191307604736,-0.9957191307604736,-0.9957191307604736,-0.9957191307604736,-0.9957191307604736,-0.9957191307604736,-0.9957191307604736,-0.9957191307604736,-0.9957191307604736,-0.9957191307604736,-0.9957191307604736,-0.9957191307604736,-0.9957191307604736,-0.9957191307604736,-0.9957191307604736,-0.9957191307604736,-0.9957191307604736,-0.9957191307604736,-0.9957191307604736,-0.9957191307604736,-0.9957191307604736,-0.9957191307604736,-0.9957191307604736,-0.9957191307604736,-0.9957191307604736,-0.9957191307604736,-0.9957191307604736,-0.9957191307604736,-0.9957191307604736,-0.9957191307604736,-0.9957191307604736,-0.9957191307604736,-0.9957191307604736,-0.9957191307604736,-0.9957191307604736,-0.9957191307604736,-0.9957191307604736,-0.9957191307604736,-0.9957191307604736,-0.9957191307604736,-0.9957191307604736,-0.9957191307604736,-0.9957191307604736,-0.9957191307604736,-0.9957191307604736,-0.9957191307604736,-0.9957191307604736,-0.9957191307604736,-0.9957191307604736,-0.9957191307604736,-0.9957191307604736,-0.9957191307604736,-0.9957191307604736,-0.9957191307604736
-0.484900842811001,-0.484900842811001,-0.484900842811001,-0.484900842811001,-0.484900842811001,-0.484900842811001,-0.484900842811001,-0.484900842811001,-0.484900842811001,-0.484900842811001,-0.484900842811001,-0.484900842811001,-0.484900842811001,-0.484900842811001,-0.484900842811001,-0.484900842811001,-0.484900842811001,-0.484900842811001,-0.484900842811001,-0.484900842811001,-0.484900842811001,-0.484900842811001,-0.484900842811001,-0.484900842811001,-0.484900842811001,-0.484900842811001,-0.484900842811001,-0.484900842811001,-0.484900842811001,-0.484900842811001,-0.484900842811001,-0.484900842811001,-0.484900842811001,-0.484900842811001,-0.484900842811001,-0.484900842811001,-0.484900842811001,-0.484900842811001,-0.484900842811001,-0.484900842811001,-0.484900842811001,-0.484900842811001,-0.484900842811001,-0.484900842811001,-0.484900842811001,-0.484900842811001,-0.484900842811001,-0.484900842811001,-0.484900842811001,-0.484900842811001,-0.484900842811001,-0.484900842811001,-0.484900842811001,-0.484900842811001,-0.484900842811001,-0.484900842811001,-0.484900842811001,-0.484900842811001,-0.484900842811001,-0.484900842811001,-0.484900842811001,-0.484900842811001,-0.484900842811001,-0.484900842811001,-0.484900842811001,-0.484900842811001,-0.484900842811001,-0.484900842811001,-0.484900842811001,-0.484900842811001,-0.484900842811001,-0.484900842811001,-0.484900842811001,-0.484900842811001,-0.484900842811001,-0.484900842811001,-0.484900842811001,-0.484900842811001,-0.484900842811001,-0.484900842811001,-0.484900842811001
-0.18028968882963275,-0.18028968882963275,-0.18028968882963275,-0.18028968882963275,-0.18028968882963275,-0.18028968882963275,-0.6203392810618943,-0.6203392810618943,-0.6203392810618943,-0.6203392810618943,-0.6203392810618943,-0.6203392810618943,-0.6203392810618943,-0.6203392810618943,-0.6203392810618943,-0.6203392810618943,-0.6203392810618943,-0.6203392810618943,-0.6203392810618943,-0.6203392810618943,-0.6203392810618943,-0.6203392810618943,-0.6203392810618943,-0.6203392810618943,-0.6203392810618943,-0.6203392810618943,-0.6203392810618943,-0.9664753126186069,-0.9664753126186069,-0.9664753126186069,-0.9664753126186069,-0.9664753126186069,-0.9664753126186069,-0.9664753126186069,-0.9664753126186069,-0.9664753126186069,-0.9664753126186069,-0.9664753126186069,-0.9664753126186069,-0.9664753126186069,-0.9664753126186069,-0.9664753126186069,-0.9664753126186069,-0.9664753126186069,-0.9664753126186069,-0.9664753126186069,-0.9664753126186069,-0.9664753126186069,-0.9664753126186069,-0.9664753126186069,-0.9664753126186069,-0.9664753126186069,-0.9664753126186069,-0.9664753126186069,-0.9664753126186069,-0.9664753126186069,-0.9664753126186069,-0.9664753126186069,-0.9664753126186069,-0.9664753126186069,-0.9664753126186069,-0.9664753126186069,-0.9664753126186069,-0.9664753126186069,-0.9664753126186069,-0.9664753126186069,-0.9664753126186069,-0.9664753126186069,-0.9664753126186069,-0.9664753126186069,-0.9664753126186069,-0.9664753126186069,-0.9664753126186069,-0.9664753126186069,-0.9664753126186069,-0.9664753126186069,-0.9664753126186069,-0.9664753126186069,-0.9664753126186069,-0.9664753126186069,-0.9664753126186069
-0.10159410332982412,-0.10159410332982412,-0.10159410332982412,-0.10159410332982412,-0.10159410332982412,-0.10159410332982412,-0.5459885502148107,-0.5459885502148107,-0.5459885502148107,-0.5459885502148107,-0.5459885502148107,-0.5459885502148107,-0.5459885502148107,-0.5459885502148107,-0.5459885502148107,-0.5459885502148107,-0.5459885502148107,-0.5459885502148107,-0.5459885502148107,-0.5459885502148107,-0.5459885502148107,-0.5459885502148107,-0.8740765007880049,-0.8740765007880049,-0.8740765007880049,-0.8740765007880049,-0.8740765007880049,-0.8740765007880049,-0.8740765007880049,-0.8740765007880049,-0.8740765007880049,-0.8740765007880049,-0.8740765007880049,-0.8740765007880049,-0.8740765007880049,-0.8740765007880049,-0.8740765007880049,-0.8740765007880049,-0.8740765007880049,-0.8740765007880049,-0.8740765007880049,-0.8740765007880049,-0.8740765007880049,-0.8740765007880049,-0.8740765007880049,-0.8740765007880049,-0.8740765007880049,-0.8740765007880049,-0.8740765007880049,-0.8740765007880049,-0.8740765007880049,-0.8740765007880049,-0.8740765007880049,-0.8740765007880049,-0.8740765007880049,-0.8740765007880049,-0.8740765007880049,-0.8740765007880049,-0.8740765007880049,-0.8740765007880049,-0.8740765007880049,-0.8740765007880049,-0.8740765007880049,-0.8740765007880049,-0.8740765007880049,-0.8740765007880049,-0.8740765007880049,-0.8740765007880049,-0.8740765007880049,-0.8740765007880049,-0.8740765007880049,-0.8740765007880049,-0.8740765007880049,-0.8740765007880049,-0.8740765007880049,-0.8740765007880049,-0.8740765007880049,-0.8740765007880049,-0.8740765007880049,-0.8740765007880049,-0.8740765007880049
-0.0076677956093961115,-0.0076677956093961115,-0.0076677956093961115,-0.0076677956093961115,-0.0076677956093961115,-0.0076677956093961115,-0.0076677956093961115,-0.0076677956093961115,-0.0076677956093961115,-0.0076677956093961115,-0.05781078576920811,-0.05781078576920811,-0.05781078576920811,-0.05781078576920811,-0.05781078576920811,-0.2815618920107298,-0.2815618920107298,-0.2815618920107298,-0.2815618920107298,-0.2815618920107298,-0.2815618920107298,-0.2815618920107298,-0.2815618920107298,-0.2815618920107298,-0.2815618920107298,-0.2815618920107298,-0.2815618920107298,-0.50900600989915,-0.50900600989915,-0.50900600989915,-0.50900600989915,-0.50900600989915,-0.50900600989915,-0.50900600989915,-0.50900600989915,-0.50900600989915,-0.50900600989915,-0.50900600989915,-0.50900600989915,-0.50900600989915,-0.50900600989915,-0.50900600989915,-0.50900600989915,-0.50900600989915,-0.50900600989915,-0.50900600989915,-0.50900600989915,-0.50900600989915,-0.50900600989915,-0.50900600989915,-0.50900600989915,-0.50900600989915,-0.50900600989915,-0.50900600989915,-0.50900600989915,-0.50900600989915,-0.50900600989915,-0.50900600989915,-0.50900600989915,-0.50900600989915,-0.50900600989915,-0.50900600989915,-0.50900600989915,-0.50900600989915,-0.50900600989915,-0.6175241871862293,-0.6175241871862293,-0.6175241871862293,-0.6175241871862293,-0.6175241871862293,-0.6175241871862293,-0.6175241871862293,-0.6175241871862293,-0.6175241871862293,-0.6175241871862293,-0.6175241871862293,-0.6175241871862293,-0.6175241871862293,-0.6175241871862293,-0.6175241871862293,-0.6175241871862293
-0.5268650479781115,-0.5268650479781115,-0.5268650479781115,-0.5268650479781115,-0.5268650479781115,-0.5268650479781115,-0.5268650479781115,-0.5268650479781115,-0.5268650479781115,-0.5268650479781115,-0.5268650479781115,-0.5268650479781115,-0.5268650479781115,-0.5268650479781115,-0.5268650479781115,-0.5268650479781115,-0.5268650479781115,-0.5268650479781115,-0.712185748013303,-0.712185748013303,-0.712185748013303,-0.712185748013303,-0.712185748013303,-0.712185748013303,-0.712185748013303,-0.712185748013303,-0.712185748013303,-0.712185748013303,-0.712185748013303,-0.712185748013303,-0.712185748013303,-0.712185748013303,-0.712185748013303,-0.712185748013303,-0.712185748013303,-0.712185748013303,-0.712185748013303,-0.712185748013303,-0.712185748013303,-0.712185748013303,-0.712185748013303,-0.712185748013303,-0.712185748013303,-0.712185748013303,-0.712185748013303,-0.712185748013303,-0.712185748013303,-0.712185748013303,-0.712185748013303,-0.712185748013303,-0.712185748013303,-0.712185748013303,-0.712185748013303,-0.712185748013303,-0.712185748013303,-0.712185748013303,-0.712185748013303,-0.712185748013303,-0.712185748013303,-0.712185748013303,-0.712185748013303,-0.712185748013303,-0.712185748013303,-0.712185748013303,-0.712185748013303,-0.712185748013303,-0.712185748013303,-0.712185748013303,-0.712185748013303,-0.712185748013303,-0.712185748013303,-0.712185748013303,-0.712185748013303,-0.712185748013303,-0.712185748013303,-0.712185748013303,-0.712185748013303,-0.712185748013303,-0.712185748013303,-0.712185748013303,-0.712185748013303
-0.0013632425155123231,-0.0013632425155123231,-0.0013632425155123231,-0.0013632425155123231,-0.0013632425155123231,-0.0013632425155123231,-0.0013632425155123231,-0.0013632425155123231,-0.0013632425155123231,-0.0013632425155123231,-0.0013632425155123231,-0.0013632425155123231,-0.0013632425155123231,-0.0013632425155123231,-0.0013632425155123231,-0.0013632425155123231,-0.0013632425155123231,-0.0013632425155123231,-0.0013632425155123231,-0.0013632425155123231,-0.0013632425155123231,-0.0013632425155123231,-0.0013632425155123231,-0.0013632425155123231,-0.0013632425155123231,-0.0013632425155123231,-0.0013632425155123231,-0.0013632425155123231,-0.0013632425155123231,-0.0013632425155123231,-0.0013632425155123231,-0.01935552278491842,-0.01935552278491842,-0.01935552278491842,-0.01935552278491842,-0.01935552278491842,-0.03221785931150067,-0.03221785931150067,-0.03221785931150067,-0.03221785931150067,-0.03221785931150067,-0.03221785931150067,-0.03221785931150067,-0.03221785931150067,-0.03221785931150067,-0.03221785931150067,-0.03221785931150067,-0.03221785931150067,-0.03221785931150067,-0.03221785931150067,-0.03221785931150067,-0.03221785931150067,-0.03221785931150067,-0.03221785931150067,-0.03221785931150067,-0.03221785931150067,-0.03221785931150067,-0.03221785931150067,-0.03221785931150067,-0.03221785931150067,-0.03221785931150067,-0.03221785931150067,-0.48630458540178023,-0.48630458540178023,-0.48630458540178023,-0.48630458540178023,-0.48630458540178023,-0.8585545039516423,-0.8585545039516423,-0.8585545039516423,-0.8585545039516423,-0.8585545039516423,-0.8585545039516423,-0.8585545039516423,-0.8585545039516423,-0.8585545039516423,-0.8585545039516423,-0.8585545039516423,-0.8585545039516423,-0.8585545039516423,-0.8585545039516423
-0.5646451719040971,-0.8158529462927286,-0.8158529462927286,-0.8997227472192535,-0.8997227472192535,-0.8997227472192535,-0.8997227472192535,-0.8997227472192535,-0.8997227472192535,-0.8997227472192535,-0.8997227472192535,-0.8997227472192535,-0.8997227472192535,-0.8997227472192535,-0.8997227472192535,-0.8997227472192535,-0.8997227472192535,-0.8997227472192535,-0.8997227472192535,-0.8997227472192535,-0.8997227472192535,-0.8997227472192535,-0.8997227472192535,-0.8997227472192535,-0.8997227472192535,-0.8997227472192535,-0.8997227472192535,-0.8997227472192535,-0.8997227472192535,-0.8997227472192535,-0.8997227472192535,-0.8997227472192535,-0.8997227472192535,-0.8997227472192535,-0.8997227472192535,-0.8997227472192535,-0.8997227472192535,-0.8997227472192535,-0.8997227472192535,-0.8997227472192535,-0.8997227472192535,-0.8997227472192535,-0.8997227472192535,-0.8997227472192535,-0.8997227472192535,-0.8997227472192535,-0.8997227472192535,-0.9659355987859153,-0.9659355987859153,-0.9659355987859153,-0.9659355987859153,-0.9659355987859153,-0.9838337180377836,-0.9838337180377836,-0.9838337180377836,-0.9838337180377836,-0.9838337180377836,-0.9838337180377836,-0.9838337180377836,-0.9838337180377836,-0.9838337180377836,-0.9838337180377836,-0.9838337180377836,-0.9838337180377836,-0.9838337180377836,-0.9838337180377836,-0.9838337180377836,-0.9838337180377836,-0.9838337180377836,-0.9838337180377836,-0.9838337180377836,-0.9838337180377836,-0.9838337180377836,-0.9838337180377836,-0.9838337180377836,-0.9838337180377836,-0.9838337180377836,-0.9838337180377836,-0.9838337180377836,-0.9838337180377836,-0.9838337180377836
