31.599374683962026,0.386594146761466,0.14589119570609704,0.14589119570609704,0.14589119570609704,0.14589119570609704,0.14589119570609704,0.14589119570609704,0.14589119570609704,0.14589119570609704,0.14589119570609704,0.14589119570609704,0.14589119570609704,0.14589119570609704,0.14589119570609704,0.14589119570609704,0.14589119570609704,0.14589119570609704,0.14589119570609704,0.14589119570609704,0.14589119570609704,0.14589119570609704,0.10088958111486301,0.10088958111486301,0.10088958111486301,0.10088958111486301,0.014250060742937712,0.014250060742937712,0.014250060742937712,0.014250060742937712,0.014250060742937712,0.014250060742937712,0.014250060742937712,0.014250060742937712,0.014250060742937712,0.014250060742937712,0.014250060742937712,0.011341570583421525,0.011341570583421525,0.011341570583421525,0.011341570583421525,0.011341570583421525,0.011341570583421525,0.011341570583421525,0.011341570583421525,0.011341570583421525,0.011341570583421525,0.011341570583421525,0.011341570583421525,0.011341570583421525,0.011341570583421525,0.011341570583421525,0.011341570583421525,0.011341570583421525,0.011341570583421525,0.011341570583421525,0.011341570583421525,0.011341570583421525,0.011341570583421525,0.011341570583421525,0.009886777633836094,0.009886777633836094,0.009886777633836094,0.0006785833096976011,0.0002825035899932235,0.0002825035899932235,0.0002825035899932235,0.0002825035899932235,0.0002825035899932235,0.0002825035899932235,0.0002825035899932235,0.0002825035899932235,0.0002825035899932235,0.0002825035899932235,0.0002825035899932235,0.0002825035899932235,0.0002825035899932235,0.0002825035899932235,0.0002825035899932235,0.0002825035899932235,0.0002825035899932235
10.216000377401087,0.43518142637466917,0.25792899212923,0.1586104732584924,0.08059799808490423,0.02111039106067035,0.02111039106067035,0.02111039106067035,0.02111039106067035,0.02111039106067035,0.02111039106067035,0.02111039106067035,0.02111039106067035,0.02111039106067035,0.02111039106067035,0.02111039106067035,0.02111039106067035,0.02111039106067035,0.02111039106067035,0.02111039106067035,0.02111039106067035,0.02111039106067035,0.02111039106067035,0.02111039106067035,0.02111039106067035,0.02111039106067035,0.02111039106067035,0.02111039106067035,0.02111039106067035,0.020768370973820893,0.020768370973820893,0.012074934223763049,0.012074934223763049,0.012074934223763049,0.012074934223763049,0.011768773646200893,0.011768773646200893,0.011768773646200893,0.011768773646200893,0.0011626068601125728,0.0011626068601125728,0.00042646316167297023,0.00042646316167297023,0.00042646316167297023,0.00020752532005324827,0.0001969019803342129,0.0001969019803342129,0.0001969019803342129,0.0001969019803342129,0.0001969019803342129,0.0001969019803342129,0.0001969019803342129,0.0001969019803342129,0.0001969019803342129,0.0001969019803342129,0.0001969019803342129,0.0001969019803342129,0.0001969019803342129,0.0001969019803342129,0.0001969019803342129,0.0001969019803342129,0.0001969019803342129,0.0001969019803342129,0.0001969019803342129,0.0001969019803342129,0.0001969019803342129,0.0001969019803342129,0.0001969019803342129,0.0001969019803342129,0.0001969019803342129,0.0001969019803342129,0.0001969019803342129,0.0001969019803342129,0.0001969019803342129,0.0001969019803342129,0.0001969019803342129,0.0001969019803342129,0.0001969019803342129,0.0001969019803342129,0.0001969019803342129,0.0001969019803342129
15.15731279520844,0.21508203770135273,0.09083470472675606,0.09083470472675606,0.03049832592000298,0.03049832592000298,0.03049832592000298,0.03049832592000298,0.03049832592000298,0.03049832592000298,0.03049832592000298,0.03049832592000298,0.03049832592000298,0.03049832592000298,0.03049832592000298,0.03049832592000298,0.010459523051707604,0.010459523051707604,0.001365714619450392,0.001365714619450392,0.001365714619450392,0.001365714619450392,0.001365714619450392,0.001365714619450392,0.001365714619450392,0.001365714619450392,0.001365714619450392,0.001365714619450392,0.001365714619450392,0.001365714619450392,0.001365714619450392,0.001365714619450392,0.001365714619450392,0.001365714619450392,0.001365714619450392,0.001365714619450392,0.001365714619450392,0.001365714619450392,0.001365714619450392,0.001365714619450392,0.001365714619450392,0.001365714619450392,0.001365714619450392,0.001365714619450392,0.001365714619450392,0.001365714619450392,0.001365714619450392,0.001365714619450392,0.001365714619450392,0.001365714619450392,0.001365714619450392,0.001365714619450392,0.001365714619450392,0.001365714619450392,0.001365714619450392,0.001365714619450392,0.001365714619450392,0.001365714619450392,0.001365714619450392,0.001365714619450392,0.001365714619450392,0.001365714619450392,0.001365714619450392,0.001365714619450392,0.001365714619450392,0.001365714619450392,0.001365714619450392,0.001365714619450392,0.001365714619450392,0.001365714619450392,0.001365714619450392,0.001365714619450392,0.001365714619450392,0.001365714619450392,0.001365714619450392,0.001365714619450392,0.001365714619450392,0.001365714619450392,0.001365714619450392,0.001365714619450392,0.001365714619450392
36.95465653124353,2.4340287505644724,0.24133599552113874,0.07646406399407334,0.07646406399407334,0.07646406399407334,0.07646406399407334,0.07646406399407334,0.07646406399407334,0.07646406399407334,0.07646406399407334,0.07646406399407334,0.07646406399407334,0.07646406399407334,0.07646406399407334,0.05685985033378372,0.031504472569092404,0.031504472569092404,0.031504472569092404,0.031504472569092404,0.031504472569092404,0.031504472569092404,0.031504472569092404,0.031504472569092404,0.031504472569092404,0.031504472569092404,0.031504472569092404,0.031504472569092404,0.031504472569092404,0.031504472569092404,0.031504472569092404,0.031504472569092404,0.031504472569092404,0.031504472569092404,0.031504472569092404,0.020059195422775254,0.013964545398378755,0.013964545398378755,0.013964545398378755,0.0019232381727278742,0.0019232381727278742,0.0016824399518730053,0.0016824399518730053,0.0007005145042466767,0.0007005145042466767,0.0007005145042466767,0.0007005145042466767,0.0007005145042466767,0.0007005145042466767,0.0007005145042466767,0.0007005145042466767,0.0007005145042466767,0.0007005145042466767,0.0007005145042466767,0.0007005145042466767,0.0007005145042466767,0.0007005145042466767,0.0007005145042466767,0.0007005145042466767,0.0007005145042466767,0.0007005145042466767,0.0007005145042466767,0.0007005145042466767,0.0007005145042466767,0.0007005145042466767,0.0007005145042466767,0.0007005145042466767,0.0007005145042466767,0.0007005145042466767,0.0007005145042466767,0.0007005145042466767,0.0007005145042466767,0.0007005145042466767,0.0007005145042466767,0.0007005145042466767,0.0007005145042466767,0.0007005145042466767,0.0007005145042466767,0.0007005145042466767,0.0007005145042466767,0.0007005145042466767
2.4783240212675537,0.09450933227968504,0.09450933227968504,0.09450933227968504,0.09450933227968504,0.006109209506326067,0.006109209506326067,0.006109209506326067,0.006109209506326067,0.006109209506326067,0.006109209506326067,0.006109209506326067,0.006109209506326067,0.006109209506326067,0.006109209506326067,0.006109209506326067,0.006109209506326067,0.006109209506326067,0.006109209506326067,0.006109209506326067,0.006109209506326067,0.006109209506326067,0.006109209506326067,0.006109209506326067,0.006109209506326067,0.006109209506326067,0.006109209506326067,0.006109209506326067,0.006109209506326067,0.006109209506326067,0.006109209506326067,0.006109209506326067,0.006109209506326067,0.006109209506326067,0.006109209506326067,0.006109209506326067,0.006109209506326067,0.006109209506326067,0.006109209506326067,0.0004563036222129729,0.0004563036222129729,0.0004563036222129729,0.0004563036222129729,0.0004563036222129729,0.0004563036222129729,0.0004563036222129729,0.0004563036222129729,0.0004563036222129729,0.0004563036222129729,0.0004563036222129729,0.0004563036222129729,0.0004563036222129729,0.0004563036222129729,0.0004563036222129729,0.0003985151114752941,0.0003985151114752941,0.0003985151114752941,0.0003985151114752941,0.0003985151114752941,0.0003985151114752941,0.0003985151114752941,0.0003985151114752941,0.0003985151114752941,0.0003985151114752941,0.0003985151114752941,0.0003985151114752941,0.0003985151114752941,0.0003985151114752941,0.0003985151114752941,0.0003985151114752941,0.0003985151114752941,0.0003985151114752941,0.0003985151114752941,0.0003985151114752941,0.0003985151114752941,0.0003985151114752941,0.0003985151114752941,0.0003985151114752941,0.0003985151114752941,0.0003985151114752941,0.0003985151114752941
13.427925952391547,13.427925952391547,0.07490165231153222,0.07490165231153222,0.07490165231153222,0.06639121672205411,0.04334269421405192,0.04334269421405192,0.04334269421405192,0.04334269421405192,0.04334269421405192,0.0007413763234936346,0.000525548069407343,0.00043239519158823223,0.0003257656811043406,0.0003257656811043406,0.0003257656811043406,0.0003257656811043406,0.0003257656811043406,0.0003257656811043406,0.0003257656811043406,0.0003257656811043406,0.0003257656811043406,0.0003257656811043406,0.0003257656811043406,0.0003257656811043406,0.0003257656811043406,0.0003257656811043406,0.0003257656811043406,0.0003257656811043406,0.0003257656811043406,0.0003257656811043406,0.0003257656811043406,0.0003257656811043406,0.0003257656811043406,0.0003257656811043406,0.0003257656811043406,0.0003257656811043406,0.0003257656811043406,0.0003257656811043406,0.0003257656811043406,0.0003257656811043406,0.0003257656811043406,0.0003257656811043406,0.0003257656811043406,0.0003257656811043406,0.0003257656811043406,0.0003257656811043406,0.0003257656811043406,0.0003257656811043406,0.0003257656811043406,0.0003257656811043406,0.0003257656811043406,0.0003257656811043406,0.0003257656811043406,0.0003257656811043406,0.0003257656811043406,0.0003257656811043406,0.0003257656811043406,0.0003257656811043406,0.0003257656811043406,0.0003257656811043406,0.0003257656811043406,0.0003257656811043406,0.0003257656811043406,0.0003257656811043406,0.0003257656811043406,0.0003257656811043406,0.0003257656811043406,0.0003257656811043406,0.0003257656811043406,0.0003257656811043406,0.0003257656811043406,0.0003257656811043406,0.0003257656811043406,0.0003257656811043406,0.0003257656811043406,0.0003257656811043406,0.0003257656811043406,0.0003257656811043406,0.0003257656811043406
12.296853916894023,0.6137549328524047,0.18770003454271295,0.012767658801876186,0.012767658801876186,0.012767658801876186,0.012767658801876186,0.012767658801876186,0.012767658801876186,0.012767658801876186,0.012767658801876186,0.012767658801876186,0.012767658801876186,0.012767658801876186,0.012767658801876186,0.012767658801876186,0.012767658801876186,0.012767658801876186,0.012767658801876186,0.012767658801876186,0.012767658801876186,0.012767658801876186,0.012767658801876186,0.012767658801876186,0.012767658801876186,0.012767658801876186,0.012767658801876186,0.012767658801876186,0.012767658801876186,0.012767658801876186,0.001029140091845592,0.001029140091845592,0.001029140091845592,0.001029140091845592,0.001029140091845592,0.001029140091845592,0.001029140091845592,0.001029140091845592,0.001029140091845592,0.001029140091845592,0.001029140091845592,0.001029140091845592,0.001029140091845592,0.0005132739423343824,0.0005132739423343824,0.0005132739423343824,0.0005132739423343824,0.0005132739423343824,0.0005132739423343824,0.0005132739423343824,0.0005132739423343824,0.0005132739423343824,0.0005132739423343824,0.0005132739423343824,0.0005132739423343824,0.0005132739423343824,0.0005132739423343824,0.0005132739423343824,0.0005132739423343824,0.0005132739423343824,0.0005132739423343824,0.0005132739423343824,0.0005132739423343824,0.0005132739423343824,0.0005132739423343824,0.0005132739423343824,0.0005132739423343824,0.0005132739423343824,0.0005132739423343824,0.0005132739423343824,0.0005132739423343824,0.0005132739423343824,0.0005132739423343824,0.0005132739423343824,0.0005132739423343824,0.0005132739423343824,0.0005132739423343824,0.0005132739423343824,0.0005132739423343824,0.0005132739423343824,0.0005132739423343824
18.974610455534787,0.007184123105950867,0.005152939823778768,0.005152939823778768,0.005152939823778768,0.005152939823778768,0.005152939823778768,0.005152939823778768,0.005152939823778768,0.005152939823778768,0.005152939823778768,0.005152939823778768,0.005152939823778768,0.005152939823778768,0.005152939823778768,0.005152939823778768,0.005152939823778768,0.005152939823778768,0.005152939823778768,0.005152939823778768,0.005152939823778768,0.005152939823778768,0.005152939823778768,0.005152939823778768,0.005152939823778768,0.005152939823778768,0.005152939823778768,0.005152939823778768,0.005152939823778768,0.005152939823778768,0.005152939823778768,0.005152939823778768,0.005152939823778768,0.005152939823778768,0.005152939823778768,0.005152939823778768,0.005152939823778768,0.005152939823778768,0.005152939823778768,0.005152939823778768,0.005152939823778768,0.005152939823778768,0.005152939823778768,0.005152939823778768,0.005152939823778768,0.005152939823778768,0.005152939823778768,0.005152939823778768,0.005152939823778768,0.005152939823778768,0.005152939823778768,0.005152939823778768,0.005152939823778768,0.005152939823778768,0.005152939823778768,0.005152939823778768,0.0029233040028040728,0.0029233040028040728,0.0029233040028040728,0.0029233040028040728,0.0029233040028040728,0.0029233040028040728,0.0029233040028040728,0.0029233040028040728,0.0029233040028040728,0.0029233040028040728,0.0029233040028040728,0.0029233040028040728,0.0029233040028040728,0.0029233040028040728,0.0029233040028040728,0.0029233040028040728,0.0029233040028040728,0.0029233040028040728,0.0029233040028040728,0.0029233040028040728,0.0029233040028040728,0.0029233040028040728,0.0029233040028040728,0.0029233040028040728,0.0029233040028040728
23.7215561270869,0.05752998541079962,0.04229845619238868,0.02581670801679791,0.016860919028575946,0.010268769904552603,0.010268769904552603,0.010268769904552603,0.010268769904552603,0.010268769904552603,0.010268769904552603,0.010268769904552603,0.010268769904552603,0.010268769904552603,0.010268769904552603,0.010268769904552603,0.010268769904552603,0.010268769904552603,0.010268769904552603,0.010268769904552603,0.010268769904552603,0.010268769904552603,0.010268769904552603,0.010268769904552603,0.010268769904552603,0.010268769904552603,0.010268769904552603,0.010268769904552603,0.010268769904552603,0.010268769904552603,0.010268769904552603,0.010268769904552603,0.010268769904552603,0.010268769904552603,0.010268769904552603,0.010268769904552603,0.010268769904552603,0.010268769904552603,0.010268769904552603,0.010268769904552603,0.010268769904552603,0.010268769904552603,0.010268769904552603,0.010268769904552603,0.010268769904552603,0.010268769904552603,0.010268769904552603,0.010268769904552603,0.010268769904552603,0.010268769904552603,0.010268769904552603,0.010268769904552603,0.010268769904552603,0.010268769904552603,0.010268769904552603,0.010268769904552603,0.010268769904552603,0.010268769904552603,0.010268769904552603,0.010268769904552603,0.010268769904552603,0.006768779937890143,0.006768779937890143,0.006768779937890143,0.006768779937890143,0.006768779937890143,0.006768779937890143,0.006768779937890143,0.006768779937890143,0.006768779937890143,0.006768779937890143,0.006768779937890143,0.006768779937890143,0.006768779937890143,0.006768779937890143,0.006768779937890143,0.006768779937890143,0.006768779937890143,0.006768779937890143,0.006768779937890143,0.006768779937890143
10.091975764593656,10.091975764593656,0.052695224992188414,0.034451562441434345,0.024248873547481932,0.018186338457080592,0.018186338457080592,0.015167834077475493,0.01330446207165338,0.012002688767847533,0.010558905431733531,0.010558905431733531,0.010558905431733531,0.010558905431733531,0.010558905431733531,0.010558905431733531,0.010558905431733531,0.010558905431733531,0.010558905431733531,0.010558905431733531,0.010558905431733531,0.010558905431733531,0.010558905431733531,0.010558905431733531,0.010558905431733531,0.010558905431733531,0.010558905431733531,0.010558905431733531,0.010558905431733531,0.010558905431733531,0.010558905431733531,0.010558905431733531,0.010558905431733531,0.010558905431733531,0.010558905431733531,0.010558905431733531,0.010558905431733531,0.010558905431733531,0.010558905431733531,0.010558905431733531,0.010558905431733531,0.010558905431733531,0.010558905431733531,0.010558905431733531,0.010558905431733531,0.010558905431733531,0.010558905431733531,0.010558905431733531,0.010558905431733531,0.010558905431733531,0.010558905431733531,0.010558905431733531,0.010558905431733531,0.010558905431733531,0.010558905431733531,0.010558905431733531,0.010558905431733531,0.004505441363168876,0.004505441363168876,0.004505441363168876,0.004505441363168876,0.004505441363168876,0.004505441363168876,0.0032377252204569343,0.0018334358081590818,0.0018334358081590818,0.0018334358081590818,0.0018334358081590818,0.0018334358081590818,0.0018334358081590818,0.0018334358081590818,0.0018334358081590818,0.0018334358081590818,0.0018334358081590818,0.0018334358081590818,0.0018334358081590818,0.0018334358081590818,0.0018334358081590818,0.0018334358081590818,0.0018334358081590818,0.0018334358081590818
18.813351686284832,0.15433595580462986,0.05322513232394684,0.023044308571015908,0.023044308571015908,0.023044308571015908,0.023044308571015908,0.023044308571015908,0.023044308571015908,0.023044308571015908,0.023044308571015908,0.023044308571015908,0.023044308571015908,0.023044308571015908,0.023044308571015908,0.023044308571015908,0.023044308571015908,0.023044308571015908,0.023044308571015908,0.023044308571015908,0.023044308571015908,0.023044308571015908,0.023044308571015908,0.023044308571015908,0.023044308571015908,0.023044308571015908,0.023044308571015908,0.023044308571015908,0.023044308571015908,0.023044308571015908,0.023044308571015908,0.023044308571015908,0.023044308571015908,0.018209149763786018,0.018209149763786018,0.018209149763786018,0.018209149763786018,0.0025185661380715805,0.0025185661380715805,0.0025185661380715805,0.0025185661380715805,0.0025185661380715805,0.0025185661380715805,0.0025185661380715805,0.0025185661380715805,0.0025185661380715805,0.0025185661380715805,0.0025185661380715805,0.0025185661380715805,0.0025185661380715805,0.0025185661380715805,0.0025185661380715805,0.0025185661380715805,0.0025185661380715805,0.0025185661380715805,0.0003307618817412829,0.0002859913187136883,0.000165541707917506,0.000165541707917506,0.00014596312779691063,0.00014596312779691063,0.00014596312779691063,0.00014596312779691063,0.00014596312779691063,0.00014596312779691063,0.00014596312779691063,0.00014596312779691063,0.00014596312779691063,0.00014596312779691063,0.00014596312779691063,0.00014596312779691063,0.00014596312779691063,0.00014596312779691063,0.00014596312779691063,0.00014596312779691063,0.00014596312779691063,0.00014596312779691063,0.00014596312779691063,0.00014596312779691063,0.00014596312779691063,0.00014596312779691063
12.219698373164874,0.002980479809572769,0.0007280619168044797,0.0007280619168044797,0.0007280619168044797,0.0007280619168044797,0.0007280619168044797,0.0007280619168044797,0.0007280619168044797,0.0007280619168044797,0.0007280619168044797,0.0007280619168044797,0.0007280619168044797,0.0007280619168044797,0.0007280619168044797,0.0007280619168044797,0.0007280619168044797,0.0007280619168044797,0.0007280619168044797,0.0007280619168044797,0.0007280619168044797,0.0007280619168044797,0.0007280619168044797,0.0007280619168044797,0.0007280619168044797,0.0007280619168044797,0.0007280619168044797,0.0007280619168044797,0.0007280619168044797,0.0007280619168044797,0.0007280619168044797,0.0007280619168044797,0.0007280619168044797,0.0007280619168044797,0.0007280619168044797,0.0007280619168044797,0.0007280619168044797,0.0007280619168044797,0.0007280619168044797,0.0007280619168044797,0.0007280619168044797,0.0007280619168044797,0.0007280619168044797,0.0007280619168044797,0.0007280619168044797,0.0007280619168044797,0.0007280619168044797,0.0007280619168044797,0.0002819707729782042,0.0001064056778674395,0.0001064056778674395,0.0001064056778674395,0.0001064056778674395,0.0001064056778674395,0.0001064056778674395,0.0001064056778674395,0.0001064056778674395,0.0001064056778674395,0.0001064056778674395,0.0001064056778674395,0.0001064056778674395,0.0001064056778674395,0.0001064056778674395,0.0001064056778674395,0.0001064056778674395,0.0001064056778674395,0.0001064056778674395,0.0001064056778674395,0.0001064056778674395,0.0001064056778674395,0.0001064056778674395,0.0001064056778674395,0.0001064056778674395,0.0001064056778674395,0.0001064056778674395,0.0001064056778674395,0.0001064056778674395,0.0001064056778674395,0.0001064056778674395,0.0001064056778674395,0.0001064056778674395
4.266267202571555,0.06402637555128707,0.03657719567361553,0.029874026644312532,0.020951612314105732,0.01633186384230318,0.013581369521914107,0.010697468116931536,0.010697468116931536,0.010697468116931536,0.010697468116931536,0.010697468116931536,0.010697468116931536,0.010697468116931536,0.010697468116931536,0.010697468116931536,0.010697468116931536,0.010697468116931536,0.010697468116931536,0.010697468116931536,0.010697468116931536,0.010697468116931536,0.010697468116931536,0.010697468116931536,0.010697468116931536,0.010697468116931536,0.010697468116931536,0.010697468116931536,0.010697468116931536,0.010697468116931536,0.010697468116931536,0.010697468116931536,0.010697468116931536,0.00014556359444517492,0.00012740940148948425,0.00012740940148948425,0.00012740940148948425,0.00012740940148948425,0.00012740940148948425,0.00012740940148948425,0.00012740940148948425,0.00012740940148948425,0.00012740940148948425,0.00012740940148948425,0.00012740940148948425,0.00012740940148948425,0.00012740940148948425,0.00012740940148948425,0.00012740940148948425,0.00012740940148948425,0.00012740940148948425,0.00012740940148948425,0.00012740940148948425,0.00012740940148948425,0.00012740940148948425,0.00012740940148948425,0.00012740940148948425,0.00012740940148948425,0.00012740940148948425,0.00012740940148948425,0.00012740940148948425,0.00012740940148948425,0.00012740940148948425,0.00012740940148948425,0.00012740940148948425,0.00012740940148948425,0.00012740940148948425,0.00012740940148948425,0.00012740940148948425,0.00012740940148948425,0.00012740940148948425,0.00012740940148948425,0.00012740940148948425,0.00012740940148948425,0.00012740940148948425,0.00012740940148948425,0.00012740940148948425,0.00012740940148948425,0.00012740940148948425,0.00012740940148948425,0.00012740940148948425
18.41442709136311,0.16184121658420642,0.06474412842578617,0.019409027251641835,0.019409027251641835,0.019409027251641835,0.019409027251641835,0.019409027251641835,0.019409027251641835,0.019409027251641835,0.019409027251641835,0.019409027251641835,0.011147151498266547,0.004669755839924922,0.004669755839924922,0.004669755839924922,0.004669755839924922,0.004669755839924922,0.004669755839924922,0.004669755839924922,0.004669755839924922,0.004669755839924922,0.004669755839924922,0.004669755839924922,0.004669755839924922,0.004669755839924922,0.004669755839924922,0.004669755839924922,0.004669755839924922,0.004669755839924922,0.004669755839924922,0.004669755839924922,0.004669755839924922,0.004669755839924922,0.004669755839924922,0.004669755839924922,0.004669755839924922,0.004669755839924922,0.004669755839924922,0.004669755839924922,0.004669755839924922,0.004669755839924922,0.004669755839924922,0.004669755839924922,0.004669755839924922,0.004669755839924922,0.004669755839924922,0.004669755839924922,0.004669755839924922,0.004669755839924922,0.004669755839924922,0.004669755839924922,0.004669755839924922,0.004669755839924922,0.004669755839924922,0.004669755839924922,0.004669755839924922,0.004669755839924922,0.004669755839924922,0.004669755839924922,0.004669755839924922,0.004669755839924922,0.004669755839924922,0.004669755839924922,0.004669755839924922,0.004669755839924922,0.004669755839924922,0.004669755839924922,0.004669755839924922,0.004669755839924922,0.004669755839924922,0.004669755839924922,0.004669755839924922,0.004669755839924922,0.004669755839924922,0.004277314925112129,0.00358450005310029,0.0030253451882974068,0.0030253451882974068,0.0030253451882974068,0.0030253451882974068
27.03730884596746,0.8188534834959807,0.04152440591235039,0.04152440591235039,0.04152440591235039,0.04152440591235039,0.04152440591235039,0.04152440591235039,0.04152440591235039,0.013435709227371119,0.007210185220097403,0.007210185220097403,0.007210185220097403,0.007210185220097403,0.007210185220097403,0.007210185220097403,0.007210185220097403,0.007210185220097403,0.007210185220097403,0.007210185220097403,0.007210185220097403,0.007210185220097403,0.007210185220097403,0.007210185220097403,0.007210185220097403,0.007210185220097403,0.007210185220097403,0.007210185220097403,0.007210185220097403,0.007210185220097403,0.007210185220097403,0.007210185220097403,0.007210185220097403,0.007210185220097403,0.007210185220097403,0.007210185220097403,0.007210185220097403,0.0071230561126105025,0.00664759730825543,0.00664759730825543,0.006350910748296068,0.006350910748296068,0.006350910748296068,0.006350910748296068,0.006350910748296068,0.006350910748296068,0.006350910748296068,0.006350910748296068,0.006350910748296068,0.006350910748296068,0.006350910748296068,0.006350910748296068,0.006350910748296068,0.006350910748296068,0.005350620951358088,0.0050190796958590736,0.0050190796958590736,0.0050190796958590736,0.0050190796958590736,0.0050190796958590736,0.0028598512111590916,0.0028598512111590916,0.0028598512111590916,0.0028598512111590916,0.0028598512111590916,0.0028598512111590916,0.0028598512111590916,0.0028598512111590916,0.0028598512111590916,0.0028598512111590916,0.0028598512111590916,0.0028598512111590916,0.0028598512111590916,0.0028598512111590916,0.0028598512111590916,0.0028598512111590916,0.0028598512111590916,0.0028598512111590916,0.0028598512111590916,0.0028598512111590916,0.0028598512111590916
1.8623096301149076,0.4909409599177882,0.041096951880802465,0.041096951880802465,0.041096951880802465,0.041096951880802465,0.041096951880802465,0.005755530335207327,0.005755530335207327,0.005755530335207327,0.005755530335207327,0.005755530335207327,0.005755530335207327,0.005755530335207327,0.005755530335207327,0.003988978397563305,0.0009048867709998014,0.0009048867709998014,0.0009048867709998014,0.0009048867709998014,0.0009048867709998014,0.0009048867709998014,0.0009048867709998014,0.0009048867709998014,0.0009048867709998014,2.5414659027953592e-05,2.5414659027953592e-05,2.126749600580371e-05,1.9026509518247306e-05,1.9026509518247306e-05,1.9026509518247306e-05,1.9026509518247306e-05,1.9026509518247306e-05,1.9026509518247306e-05,1.9026509518247306e-05,1.9026509518247306e-05,1.9026509518247306e-05,1.9026509518247306e-05,1.9026509518247306e-05,1.9026509518247306e-05,1.9026509518247306e-05,1.9026509518247306e-05,1.9026509518247306e-05,1.9026509518247306e-05,1.9026509518247306e-05,1.9026509518247306e-05,1.9026509518247306e-05,1.9026509518247306e-05,1.9026509518247306e-05,1.9026509518247306e-05,1.9026509518247306e-05,1.9026509518247306e-05,1.9026509518247306e-05,1.9026509518247306e-05,1.9026509518247306e-05,1.9026509518247306e-05,1.9026509518247306e-05,1.9026509518247306e-05,1.9026509518247306e-05,1.9026509518247306e-05,1.9026509518247306e-05,1.9026509518247306e-05,1.9026509518247306e-05,1.9026509518247306e-05,1.9026509518247306e-05,1.9026509518247306e-05,1.9026509518247306e-05,1.9026509518247306e-05,1.9026509518247306e-05,1.9026509518247306e-05,1.9026509518247306e-05,1.9026509518247306e-05,1.9026509518247306e-05,1.9026509518247306e-05,1.9026509518247306e-05,1.9026509518247306e-05,1.9026509518247306e-05,1.9026509518247306e-05,1.9026509518247306e-05,1.9026509518247306e-05,1.9026509518247306e-05
20.568757313099596,0.017062257020191464,0.017062257020191464,0.017062257020191464,0.017062257020191464,0.017062257020191464,0.017062257020191464,0.017062257020191464,0.017062257020191464,0.017062257020191464,0.017062257020191464,0.017062257020191464,0.017062257020191464,0.017062257020191464,0.017062257020191464,0.017062257020191464,0.017062257020191464,0.017062257020191464,0.017062257020191464,0.017062257020191464,0.017062257020191464,0.017062257020191464,0.017062257020191464,0.017062257020191464,0.017062257020191464,0.017062257020191464,0.017062257020191464,0.017062257020191464,0.017062257020191464,0.017062257020191464,0.017062257020191464,0.017062257020191464,0.017062257020191464,0.017062257020191464,0.017062257020191464,0.017062257020191464,0.017062257020191464,0.017062257020191464,0.017062257020191464,0.017062257020191464,0.017062257020191464,0.017062257020191464,0.017062257020191464,0.017062257020191464,0.017062257020191464,0.017062257020191464,0.017062257020191464,0.017062257020191464,0.017062257020191464,0.017062257020191464,0.017062257020191464,0.017062257020191464,0.017062257020191464,0.017062257020191464,0.013092239871211643,0.013092239871211643,0.013092239871211643,0.0001411543001256516,0.0001411543001256516,0.0001411543001256516,0.0001411543001256516,0.0001411543001256516,0.0001411543001256516,0.0001411543001256516,0.0001411543001256516,0.0001411543001256516,0.0001411543001256516,0.0001411543001256516,0.0001411543001256516,0.0001411543001256516,0.0001411543001256516,0.0001411543001256516,0.0001411543001256516,0.0001411543001256516,0.0001411543001256516,0.0001411543001256516,0.0001411543001256516,0.0001411543001256516,0.0001411543001256516,0.0001411543001256516,0.0001411543001256516
1.2950461793155341,0.4535224768545727,0.109773295750632,0.109773295750632,0.109773295750632,0.109773295750632,0.109773295750632,0.109773295750632,0.109773295750632,0.109773295750632,0.109773295750632,0.109773295750632,0.109773295750632,0.109773295750632,0.109773295750632,0.109773295750632,0.109773295750632,0.109773295750632,0.018955900610597515,0.018955900610597515,0.008280286827771753,0.008280286827771753,0.008280286827771753,0.0024059050854212567,0.0024059050854212567,0.002104843206604928,0.002104843206604928,0.002104843206604928,0.002104843206604928,0.002104843206604928,0.001973246939944702,0.001973246939944702,0.001973246939944702,0.001973246939944702,0.001973246939944702,0.001973246939944702,0.001973246939944702,0.001973246939944702,0.001909337504053441,0.0017809543961146567,0.001661387366785864,0.001661387366785864,0.001661387366785864,0.001661387366785864,0.001661387366785864,0.001661387366785864,0.001661387366785864,0.001661387366785864,0.001661387366785864,0.001661387366785864,0.001661387366785864,0.001661387366785864,0.001661387366785864,0.001661387366785864,0.0008664061708782784,0.0008664061708782784,0.0008664061708782784,0.00040661873405141744,0.00040661873405141744,0.00040661873405141744,0.00015118258987260286,0.00015118258987260286,0.00015118258987260286,0.00015118258987260286,0.00015118258987260286,0.00015118258987260286,0.00015118258987260286,0.00015118258987260286,0.00015118258987260286,0.00015118258987260286,0.00015118258987260286,0.00015118258987260286,0.00015118258987260286,0.00015118258987260286,0.00015118258987260286,0.00015118258987260286,0.00015118258987260286,0.00015118258987260286,0.00015118258987260286,0.00015118258987260286,0.00015118258987260286
44.76917730282048,0.396978705517714,0.054283220173250095,0.054283220173250095,0.054283220173250095,0.054283220173250095,0.054283220173250095,0.054283220173250095,0.054283220173250095,0.054283220173250095,0.054283220173250095,0.054283220173250095,0.054283220173250095,0.054283220173250095,0.054283220173250095,0.054283220173250095,0.054283220173250095,0.054283220173250095,0.054283220173250095,0.054283220173250095,0.054283220173250095,0.054283220173250095,0.054283220173250095,0.054283220173250095,0.054283220173250095,0.054283220173250095,0.04196437537660713,0.04196437537660713,0.04196437537660713,0.01945470668801467,0.01945470668801467,0.01945470668801467,0.01945470668801467,0.015923325954790193,0.015923325954790193,0.015923325954790193,0.015923325954790193,0.015923325954790193,0.015923325954790193,0.013705089627289373,0.013661711646780808,0.013661711646780808,0.013661711646780808,0.013661711646780808,0.013661711646780808,0.013661711646780808,0.013458197120247956,0.013458197120247956,0.013458197120247956,0.013458197120247956,0.013458197120247956,0.013458197120247956,0.013458197120247956,0.013458197120247956,0.013458197120247956,0.013458197120247956,0.013458197120247956,0.013458197120247956,0.013458197120247956,0.013458197120247956,0.013458197120247956,0.013458197120247956,0.013458197120247956,0.013458197120247956,0.013458197120247956,0.013458197120247956,0.013458197120247956,0.013458197120247956,0.013458197120247956,0.013458197120247956,0.013458197120247956,0.013458197120247956,0.013458197120247956,0.013458197120247956,0.013458197120247956,0.013458197120247956,0.013458197120247956,0.010392941911642013,0.010392941911642013,0.010392941911642013,0.010392941911642013
3.9967607565056937,0.22311750902229155,0.15706129713020572,0.13547356221860526,0.07776579846563937,0.004249416506307731,0.004249416506307731,0.004249416506307731,0.004249416506307731,0.004249416506307731,0.004249416506307731,0.004249416506307731,0.004249416506307731,0.004249416506307731,0.004249416506307731,0.004249416506307731,0.004249416506307731,0.004249416506307731,0.004249416506307731,0.004249416506307731,0.004249416506307731,0.004249416506307731,0.004249416506307731,0.004249416506307731,0.004249416506307731,0.004249416506307731,0.004249416506307731,0.004249416506307731,0.004249416506307731,0.004249416506307731,0.004249416506307731,0.004249416506307731,0.0033221901059965614,0.0033221901059965614,0.0033221901059965614,0.0033221901059965614,0.0033221901059965614,0.0033221901059965614,0.0033221901059965614,0.0033221901059965614,0.0033221901059965614,0.0033221901059965614,0.0033221901059965614,0.0033221901059965614,0.0033221901059965614,0.0033221901059965614,0.0033221901059965614,0.0033221901059965614,0.0033221901059965614,0.0033221901059965614,0.0033221901059965614,0.0033221901059965614,0.0033221901059965614,0.0033221901059965614,0.0033221901059965614,0.0033221901059965614,0.0033221901059965614,0.0033221901059965614,0.0033221901059965614,0.0033221901059965614,0.0033221901059965614,0.0033221901059965614,0.0033221901059965614,0.0033221901059965614,0.0033221901059965614,0.0019643066899817626,0.0015926981589010575,0.0015926981589010575,0.0012259044347608414,0.0009650650686987249,0.0009650650686987249,0.0009650650686987249,0.0009650650686987249,0.0009650650686987249,0.0009650650686987249,0.0009650650686987249,0.0009650650686987249,0.0009650650686987249,0.0009650650686987249,0.0009650650686987249,0.0009650650686987249
11.306045006785382,0.24355721006889963,0.16067567219947915,0.09830204524543686,0.09830204524543686,0.09830204524543686,0.09830204524543686,0.0768835661988461,0.03775014820709516,0.017093768097843985,0.017093768097843985,0.017093768097843985,0.017093768097843985,0.017093768097843985,0.017093768097843985,0.017093768097843985,0.017093768097843985,0.017093768097843985,0.017093768097843985,0.017093768097843985,0.017093768097843985,0.017093768097843985,0.017093768097843985,0.017093768097843985,0.017093768097843985,0.017093768097843985,0.017093768097843985,0.017093768097843985,0.017093768097843985,0.017093768097843985,0.007673262972414304,0.007588545255048471,0.007588545255048471,0.007588545255048471,0.007588545255048471,0.007588545255048471,0.007588545255048471,0.007588545255048471,0.007588545255048471,0.007588545255048471,0.007588545255048471,0.007588545255048471,0.004196976009434962,0.004196976009434962,0.004196976009434962,0.004196976009434962,0.004196976009434962,0.004196976009434962,0.004196976009434962,0.004196976009434962,0.004196976009434962,0.004196976009434962,0.004196976009434962,0.004196976009434962,0.004196976009434962,0.004196976009434962,0.004196976009434962,0.004196976009434962,0.004196976009434962,0.004196976009434962,0.004196976009434962,0.004196976009434962,0.004196976009434962,0.004196976009434962,0.004196976009434962,0.004196976009434962,0.004196976009434962,0.004196976009434962,0.00019411794873775069,0.00019411794873775069,0.00019411794873775069,0.00019411794873775069,0.00019411794873775069,0.00019411794873775069,0.00019411794873775069,0.00019411794873775069,0.00019411794873775069,0.00019411794873775069,0.00019411794873775069,0.00019411794873775069,0.00019411794873775069
5.080912231891489,0.6664983084893238,0.29485240935941737,0.11868692761336291,0.04381609035142269,0.008244232554386484,0.002921592680959055,0.002921592680959055,0.002921592680959055,0.002921592680959055,0.002921592680959055,0.002921592680959055,0.002921592680959055,0.002921592680959055,0.002921592680959055,0.002921592680959055,0.002921592680959055,0.002921592680959055,0.002921592680959055,0.002921592680959055,0.002921592680959055,0.002921592680959055,0.002921592680959055,0.002921592680959055,0.002921592680959055,0.002921592680959055,0.002921592680959055,0.002921592680959055,0.002921592680959055,0.002921592680959055,0.002921592680959055,0.002921592680959055,0.002921592680959055,0.002921592680959055,0.002921592680959055,0.002921592680959055,0.002921592680959055,0.002921592680959055,0.002921592680959055,0.002921592680959055,0.002921592680959055,0.002921592680959055,0.002921592680959055,0.002921592680959055,0.002921592680959055,0.002921592680959055,0.002921592680959055,0.002921592680959055,0.002921592680959055,0.002921592680959055,0.002921592680959055,0.002921592680959055,0.002921592680959055,0.002921592680959055,0.002921592680959055,0.002921592680959055,0.002921592680959055,0.002921592680959055,0.002921592680959055,0.002921592680959055,0.002921592680959055,0.002921592680959055,0.002921592680959055,0.002921592680959055,0.002921592680959055,0.002921592680959055,0.002921592680959055,0.002921592680959055,0.002921592680959055,0.002921592680959055,0.002921592680959055,0.002921592680959055,0.002921592680959055,0.002921592680959055,0.002921592680959055,0.002921592680959055,0.002921592680959055,0.002921592680959055,0.002921592680959055,0.002921592680959055,0.002921592680959055
13.186692581945977,0.38615928383258413,0.12331682336740842,0.019364334859373583,0.019364334859373583,0.019364334859373583,0.019364334859373583,0.019364334859373583,0.019364334859373583,0.019364334859373583,0.019364334859373583,0.019364334859373583,0.019364334859373583,0.018670606303545598,0.018670606303545598,0.018670606303545598,0.018670606303545598,0.018670606303545598,0.018670606303545598,0.004382792968735814,0.0040633089196606825,0.0040633089196606825,0.0040633089196606825,0.0040633089196606825,0.0040633089196606825,0.0040633089196606825,0.0040633089196606825,0.0040633089196606825,0.0040633089196606825,0.0040633089196606825,0.0040633089196606825,0.0040633089196606825,0.0040633089196606825,0.0040633089196606825,0.0040633089196606825,0.0040633089196606825,0.0040633089196606825,0.0040633089196606825,0.003936398508554339,0.003936398508554339,0.003936398508554339,0.003936398508554339,0.003936398508554339,0.003936398508554339,0.003936398508554339,0.0029619540920697964,0.0029619540920697964,0.0029619540920697964,0.0029619540920697964,0.0029619540920697964,0.0029619540920697964,0.0029619540920697964,0.0029619540920697964,0.0029619540920697964,0.0029619540920697964,0.0029619540920697964,0.0029619540920697964,0.0029619540920697964,0.0029619540920697964,0.0029619540920697964,0.0029619540920697964,0.0029619540920697964,0.0029619540920697964,0.0029619540920697964,0.0029619540920697964,0.0029619540920697964,0.0029619540920697964,0.0029619540920697964,0.0029619540920697964,0.0029619540920697964,0.0029619540920697964,0.0029619540920697964,0.0029619540920697964,0.0029619540920697964,0.0029619540920697964,0.0029619540920697964,0.0029619540920697964,0.0029619540920697964,0.0029619540920697964,0.0029619540920697964,0.0029619540920697964
33.610010249134575,0.4621063267738451,0.16096148660331383,0.16096148660331383,0.16096148660331383,0.0126672064899214,0.0126672064899214,0.0126672064899214,0.0126672064899214,0.0126672064899214,0.0126672064899214,0.0126672064899214,0.0126672064899214,0.0126672064899214,0.0126672064899214,0.0126672064899214,0.0126672064899214,0.0126672064899214,0.0126672064899214,0.002279461380732717,0.0019940799362413537,0.0019940799362413537,0.0019940799362413537,0.0019940799362413537,0.0019940799362413537,0.0019940799362413537,0.0019940799362413537,0.0019940799362413537,0.0019940799362413537,0.0019940799362413537,0.0019940799362413537,0.0019940799362413537,0.0019940799362413537,0.0019940799362413537,0.0019940799362413537,0.0019940799362413537,0.0019940799362413537,0.0019940799362413537,0.0019940799362413537,0.0019940799362413537,0.0019940799362413537,0.0019940799362413537,0.0019940799362413537,0.0019940799362413537,0.0019940799362413537,0.0019940799362413537,0.0019940799362413537,0.0019940799362413537,0.0019940799362413537,0.0019940799362413537,0.0019940799362413537,0.0019940799362413537,0.0019940799362413537,0.0019940799362413537,0.0019940799362413537,0.0019940799362413537,0.0018509243389133309,0.0018509243389133309,0.00013605999771161838,0.00010973977525685432,0.00010973977525685432,0.00010973977525685432,0.00010973977525685432,0.00010973977525685432,0.00010973977525685432,0.00010973977525685432,0.00010973977525685432,0.00010973977525685432,0.00010973977525685432,0.00010973977525685432,0.00010973977525685432,0.00010973977525685432,0.00010973977525685432,0.00010973977525685432,0.00010973977525685432,0.00010973977525685432,0.00010973977525685432,0.00010973977525685432,0.00010973977525685432,0.00010973977525685432,0.00010973977525685432
3.312270562101048,0.01073362015953824,0.009833900072143674,0.008136858450815255,0.005907834052301121,0.005907834052301121,0.005907834052301121,0.005907834052301121,0.005907834052301121,0.005907834052301121,0.005907834052301121,0.005907834052301121,0.005907834052301121,0.005907834052301121,0.005907834052301121,0.005907834052301121,0.005907834052301121,0.005907834052301121,0.005907834052301121,0.005907834052301121,0.005907834052301121,0.005907834052301121,0.005907834052301121,0.0023153213780690647,0.0023153213780690647,0.0023153213780690647,0.0023153213780690647,0.0023153213780690647,0.0023153213780690647,0.0023153213780690647,0.0023153213780690647,0.0023153213780690647,0.0023153213780690647,0.0023153213780690647,0.0023153213780690647,0.0023153213780690647,0.0023153213780690647,0.0023153213780690647,0.0023153213780690647,0.0023153213780690647,0.0023153213780690647,0.0023153213780690647,0.0023153213780690647,0.0023153213780690647,0.0023153213780690647,0.0023153213780690647,0.0023153213780690647,0.0023153213780690647,0.0023153213780690647,0.0023153213780690647,0.0023153213780690647,0.0023153213780690647,0.0023153213780690647,0.0023153213780690647,0.0023153213780690647,0.0023153213780690647,0.0023153213780690647,0.0023153213780690647,0.0023153213780690647,0.0006836784060774053,0.0006836784060774053,0.0006836784060774053,0.0006836784060774053,0.0006836784060774053,0.0006836784060774053,0.0006836784060774053,0.0006836784060774053,0.0006836784060774053,0.0006836784060774053,0.0006836784060774053,0.0006836784060774053,0.0006836784060774053,0.0006836784060774053,0.0006836784060774053,0.0006836784060774053,0.0006836784060774053,0.0006836784060774053,0.0006836784060774053,0.0006836784060774053,0.0006836784060774053,0.0006836784060774053
25.6256140097596,0.2065441876624572,0.1124929670858481,0.048707832021640425,0.048707832021640425,0.048707832021640425,0.048707832021640425,0.048707832021640425,0.048707832021640425,0.048707832021640425,0.04724332575678953,0.04724332575678953,0.04724332575678953,0.04724332575678953,0.04724332575678953,0.04724332575678953,0.04724332575678953,0.04724332575678953,0.04724332575678953,0.04724332575678953,0.04724332575678953,0.04724332575678953,0.04724332575678953,0.04724332575678953,0.04724332575678953,0.04724332575678953,0.04724332575678953,0.04724332575678953,0.007747762955468089,0.007747762955468089,0.007747762955468089,0.007747762955468089,0.007747762955468089,0.007747762955468089,0.007747762955468089,0.007747762955468089,0.005961309966063895,0.00046292253333570394,0.00046292253333570394,0.00046292253333570394,0.00046292253333570394,0.00046292253333570394,0.00046292253333570394,0.00046292253333570394,0.00046292253333570394,0.00046292253333570394,0.00046292253333570394,0.00046292253333570394,0.00046292253333570394,0.00046292253333570394,0.00046292253333570394,0.00046292253333570394,0.00046292253333570394,0.00046292253333570394,0.00046292253333570394,0.00046292253333570394,0.00046292253333570394,0.00046292253333570394,0.00046292253333570394,0.00046292253333570394,0.00046292253333570394,0.00046292253333570394,0.00046292253333570394,0.00046292253333570394,0.00046292253333570394,0.00046292253333570394,0.00046292253333570394,0.00046292253333570394,0.00046292253333570394,0.00046292253333570394,0.00046292253333570394,0.00046292253333570394,0.00046292253333570394,0.00046292253333570394,0.00046292253333570394,0.00046292253333570394,0.00046292253333570394,0.00046292253333570394,0.00046292253333570394,0.00046292253333570394,0.00046292253333570394
0.4850745792068665,0.13856320861715496,0.06954162527718351,0.028930040664807574,0.028930040664807574,0.028930040664807574,0.028930040664807574,0.028930040664807574,0.028930040664807574,0.028930040664807574,0.028930040664807574,0.028930040664807574,0.028930040664807574,0.028930040664807574,0.028930040664807574,0.028930040664807574,0.028930040664807574,0.028930040664807574,0.028930040664807574,0.028930040664807574,0.028930040664807574,0.028930040664807574,0.028930040664807574,0.007719345382420641,0.007267040500964156,0.007267040500964156,0.007267040500964156,0.007267040500964156,0.007267040500964156,0.007267040500964156,0.007267040500964156,0.007267040500964156,0.007267040500964156,0.007267040500964156,0.004404044085265724,0.004336749896485029,0.003983739288397097,0.003983739288397097,0.003983739288397097,0.003983739288397097,0.003983739288397097,0.003983739288397097,0.003983739288397097,0.003983739288397097,0.003983739288397097,0.003983739288397097,0.003983739288397097,0.003983739288397097,0.003983739288397097,0.003983739288397097,0.003983739288397097,0.003983739288397097,0.003983739288397097,0.003983739288397097,0.003983739288397097,0.003983739288397097,0.003983739288397097,0.003983739288397097,0.003983739288397097,0.003983739288397097,0.003983739288397097,0.003983739288397097,0.003983739288397097,0.003983739288397097,0.003983739288397097,0.003983739288397097,0.003983739288397097,0.003983739288397097,0.003983739288397097,0.003983739288397097,0.003983739288397097,0.003983739288397097,0.003983739288397097,0.003983739288397097,0.003983739288397097,0.003983739288397097,0.003983739288397097,0.003983739288397097,0.003983739288397097,0.003983739288397097,0.003983739288397097
21.57945860620822,1.0932416415322452,0.499887853846509,0.499887853846509,0.499887853846509,0.499887853846509,0.499887853846509,0.499887853846509,0.499887853846509,0.499887853846509,0.499887853846509,0.3420715483146065,0.014276737427188685,0.014276737427188685,0.014276737427188685,0.014276737427188685,0.014276737427188685,0.014276737427188685,0.014276737427188685,0.014276737427188685,0.014276737427188685,0.014276737427188685,0.012414217225295463,0.012414217225295463,0.012414217225295463,0.012414217225295463,0.012414217225295463,0.012414217225295463,0.011051842374223162,0.00596308257379531,0.004903042091526295,0.004903042091526295,0.004903042091526295,0.004903042091526295,0.004903042091526295,0.004903042091526295,0.004903042091526295,0.004903042091526295,0.004903042091526295,0.004903042091526295,0.004903042091526295,0.004903042091526295,0.004903042091526295,0.004903042091526295,0.004903042091526295,0.004903042091526295,0.004903042091526295,0.004903042091526295,0.004903042091526295,0.004903042091526295,0.004903042091526295,0.004903042091526295,0.004903042091526295,0.004903042091526295,0.004903042091526295,0.004903042091526295,0.004903042091526295,0.004903042091526295,0.004903042091526295,0.004903042091526295,0.004903042091526295,0.004903042091526295,0.004903042091526295,0.004903042091526295,0.004903042091526295,0.004903042091526295,0.004903042091526295,0.004903042091526295,0.004903042091526295,0.004903042091526295,0.004903042091526295,0.004903042091526295,0.004903042091526295,0.004903042091526295,0.004903042091526295,0.004903042091526295,0.004903042091526295,0.004903042091526295,0.004903042091526295,0.004903042091526295,0.004903042091526295
23.438662773876842,0.1332718469381936,0.06685447436637051,0.02784140813573562,0.008788510571243992,0.003792067285977061,0.003792067285977061,0.003792067285977061,0.003792067285977061,0.003792067285977061,0.003792067285977061,0.003792067285977061,0.003792067285977061,0.003792067285977061,0.003792067285977061,0.003792067285977061,0.003792067285977061,0.003792067285977061,0.003792067285977061,0.003792067285977061,0.003792067285977061,0.003792067285977061,0.003792067285977061,0.003792067285977061,0.003792067285977061,0.003792067285977061,0.003792067285977061,0.0037034310951236014,0.0037034310951236014,0.0037034310951236014,0.0037034310951236014,0.0037034310951236014,0.0037034310951236014,0.0037034310951236014,0.0037034310951236014,0.0037034310951236014,0.0037034310951236014,0.0037034310951236014,0.0037034310951236014,0.0037034310951236014,0.0037034310951236014,0.0037034310951236014,0.0037034310951236014,0.0037034310951236014,0.0037034310951236014,0.0037034310951236014,0.0037034310951236014,0.0037034310951236014,0.0037034310951236014,0.0037034310951236014,0.0037034310951236014,0.0037034310951236014,0.0037034310951236014,0.0037034310951236014,0.0037034310951236014,0.0037034310951236014,0.0037034310951236014,0.0037034310951236014,0.003272756979577268,0.003272756979577268,0.003272756979577268,0.003272756979577268,0.003272756979577268,0.003272756979577268,0.002572901399237439,0.0024025178290839307,0.0021828168074805574,0.0021828168074805574,0.0021828168074805574,0.0021828168074805574,0.0021828168074805574,0.0021828168074805574,0.0021828168074805574,0.0021828168074805574,0.0021828168074805574,0.0021828168074805574,0.0021828168074805574,0.0021828168074805574,0.0021828168074805574,0.0021828168074805574,0.0021828168074805574
14.367444298891826,0.19273015675518643,0.11368659690527229,0.0618800219249714,0.0618800219249714,0.0618800219249714,0.0618800219249714,0.04588151501070548,0.03285032378755375,0.03285032378755375,0.03285032378755375,0.03285032378755375,0.03285032378755375,0.03285032378755375,0.03285032378755375,0.03285032378755375,0.03285032378755375,0.03285032378755375,0.03285032378755375,0.03285032378755375,0.03285032378755375,0.03285032378755375,0.03285032378755375,0.03285032378755375,0.03285032378755375,0.03285032378755375,0.03285032378755375,0.03285032378755375,0.03285032378755375,0.03285032378755375,0.03285032378755375,0.03285032378755375,0.03285032378755375,0.03285032378755375,0.007099724243800917,0.007099724243800917,0.007099724243800917,0.007099724243800917,0.007099724243800917,0.007099724243800917,0.007099724243800917,0.007099724243800917,0.007099724243800917,0.007099724243800917,0.007099724243800917,0.007099724243800917,0.007099724243800917,0.007099724243800917,0.007099724243800917,0.007099724243800917,0.007099724243800917,0.007099724243800917,0.007099724243800917,0.007099724243800917,0.007099724243800917,0.007099724243800917,0.007099724243800917,0.007099724243800917,0.0022321124856570134,0.0022321124856570134,0.0022321124856570134,0.0022321124856570134,0.0022321124856570134,0.0022321124856570134,0.0022321124856570134,0.0022321124856570134,0.0022321124856570134,0.0022321124856570134,0.0022321124856570134,0.0022321124856570134,0.0022321124856570134,0.0007860721855414996,0.0007860721855414996,0.0007795696992263459,0.0007795696992263459,0.0007795696992263459,0.0007674880802888163,0.0007674880802888163,0.0007674880802888163,0.0007674880802888163,0.0007674880802888163
