31.599374683962026,0.0020749745713625495,0.0014860421536479628,0.0013653216821467033,0.0009672213421891867,0.0009311560190967885,0.00048750808109531443,0.0003583908731538017,0.00034696454007743086,0.0003003946132239655,0.00023012102262168077,0.00017160797852026162,0.0001573376434835071,0.00013170541552330313,0.00011303792725793746,8.527391283732477e-05,6.897966836622653e-05,6.897966836622653e-05,6.897966836622653e-05,6.897966836622653e-05,6.897966836622653e-05,6.897966836622653e-05,6.897966836622653e-05,6.897966836622653e-05,6.897966836622653e-05,6.897966836622653e-05,6.897966836622653e-05,6.897966836622653e-05,6.897966836622653e-05,6.897966836622653e-05,6.897966836622653e-05,6.897966836622653e-05,6.897966836622653e-05,6.897966836622653e-05,6.897966836622653e-05,6.897966836622653e-05,6.897966836622653e-05,6.897966836622653e-05,6.897966836622653e-05,6.897966836622653e-05,6.897966836622653e-05,6.897966836622653e-05,6.897966836622653e-05,6.897966836622653e-05,6.897966836622653e-05,6.897966836622653e-05,6.897966836622653e-05,6.897966836622653e-05,6.897966836622653e-05,6.897966836622653e-05,6.897966836622653e-05,6.897966836622653e-05,6.897966836622653e-05,6.897966836622653e-05,6.897966836622653e-05,6.897966836622653e-05,6.897966836622653e-05,6.897966836622653e-05,6.897966836622653e-05,6.897966836622653e-05,6.897966836622653e-05,6.897966836622653e-05,6.897966836622653e-05,6.897966836622653e-05,6.897966836622653e-05,6.897966836622653e-05,6.897966836622653e-05,6.897966836622653e-05,6.897966836622653e-05,6.897966836622653e-05,6.897966836622653e-05,6.897966836622653e-05,6.897966836622653e-05,6.897966836622653e-05,6.897966836622653e-05,6.897966836622653e-05,6.897966836622653e-05,6.897966836622653e-05,6.897966836622653e-05,6.897966836622653e-05,6.897966836622653e-05
10.216000377401087,0.010486096185471054,0.00304161995916015,0.0005067448357902157,0.00022251630862771642,4.650531899894014e-05,4.650531899894014e-05,4.650531899894014e-05,4.650531899894014e-05,4.650531899894014e-05,4.650531899894014e-05,4.650531899894014e-05,4.650531899894014e-05,3.0860262766336365e-05,3.0860262766336365e-05,3.0860262766336365e-05,3.0860262766336365e-05,3.0860262766336365e-05,3.0860262766336365e-05,3.0860262766336365e-05,3.0860262766336365e-05,2.301944192662251e-05,1.943882935811227e-05,1.943882935811227e-05,1.943882935811227e-05,1.943882935811227e-05,1.943882935811227e-05,1.943882935811227e-05,1.943882935811227e-05,1.889926705416752e-05,1.889926705416752e-05,1.889926705416752e-05,1.889926705416752e-05,1.889926705416752e-05,1.889926705416752e-05,1.889926705416752e-05,1.889926705416752e-05,8.70425454244582e-06,5.172216743943303e-06,5.172216743943303e-06,5.172216743943303e-06,5.172216743943303e-06,5.172216743943303e-06,5.172216743943303e-06,5.172216743943303e-06,5.172216743943303e-06,5.172216743943303e-06,5.172216743943303e-06,5.172216743943303e-06,5.172216743943303e-06,5.172216743943303e-06,5.172216743943303e-06,5.172216743943303e-06,5.172216743943303e-06,5.172216743943303e-06,5.172216743943303e-06,5.172216743943303e-06,5.172216743943303e-06,5.172216743943303e-06,5.172216743943303e-06,5.172216743943303e-06,5.172216743943303e-06,5.172216743943303e-06,5.172216743943303e-06,5.172216743943303e-06,5.172216743943303e-06,5.172216743943303e-06,5.172216743943303e-06,5.172216743943303e-06,5.172216743943303e-06,5.172216743943303e-06,5.172216743943303e-06,5.172216743943303e-06,5.172216743943303e-06,5.172216743943303e-06,5.172216743943303e-06,5.172216743943303e-06,5.172216743943303e-06,5.172216743943303e-06,5.172216743943303e-06,5.172216743943303e-06
15.15731279520844,0.0037307414891100217,0.0027141124999653524,0.002036346304422852,0.0015628416113649863,0.001334043797774179,0.001334043797774179,0.001334043797774179,0.001334043797774179,0.001334043797774179,0.001334043797774179,0.001334043797774179,0.001334043797774179,0.001334043797774179,0.001334043797774179,0.001334043797774179,0.001334043797774179,0.001334043797774179,0.001334043797774179,0.001334043797774179,0.001334043797774179,0.001334043797774179,0.001334043797774179,0.001334043797774179,0.001334043797774179,0.001334043797774179,0.001334043797774179,0.001334043797774179,0.001334043797774179,0.001334043797774179,0.001334043797774179,0.001334043797774179,0.001334043797774179,0.001334043797774179,0.001334043797774179,0.001334043797774179,0.001334043797774179,0.001334043797774179,0.001334043797774179,0.001334043797774179,0.001334043797774179,0.001334043797774179,0.001334043797774179,0.001334043797774179,0.001334043797774179,0.001334043797774179,0.001334043797774179,0.001334043797774179,0.001334043797774179,0.001334043797774179,0.001334043797774179,0.001334043797774179,0.001334043797774179,0.001334043797774179,0.001334043797774179,0.001334043797774179,0.001334043797774179,0.001334043797774179,0.001334043797774179,0.001334043797774179,0.001334043797774179,0.001334043797774179,0.001334043797774179,0.001334043797774179,0.001334043797774179,0.001334043797774179,0.001334043797774179,0.001334043797774179,0.001334043797774179,0.001334043797774179,0.001334043797774179,0.001334043797774179,0.001334043797774179,0.001334043797774179,0.001334043797774179,0.001334043797774179,0.001334043797774179,0.001334043797774179,0.001334043797774179,0.001334043797774179,0.001334043797774179
36.95465653124353,0.03911096027295143,0.03911096027295143,0.03441993749168756,0.02797353011104656,0.023204076112164684,0.02178020211677188,0.021468399185482902,0.021468399185482902,0.021468399185482902,0.021468399185482902,0.021468399185482902,0.021468399185482902,0.021468399185482902,0.021468399185482902,0.021468399185482902,0.021468399185482902,0.021468399185482902,0.021468399185482902,0.021468399185482902,0.021468399185482902,0.021468399185482902,0.021468399185482902,0.021468399185482902,0.021468399185482902,0.021468399185482902,0.021468399185482902,0.021468399185482902,0.021468399185482902,0.021468399185482902,0.021468399185482902,0.021468399185482902,0.021468399185482902,0.021468399185482902,0.021468399185482902,0.021468399185482902,0.021468399185482902,0.021468399185482902,0.021468399185482902,0.021468399185482902,0.021468399185482902,0.021468399185482902,0.021468399185482902,0.021468399185482902,0.021468399185482902,0.021468399185482902,0.021468399185482902,0.021468399185482902,0.021468399185482902,0.021468399185482902,0.021468399185482902,0.021468399185482902,0.021468399185482902,0.021468399185482902,0.021468399185482902,0.021468399185482902,0.021468399185482902,0.021468399185482902,0.021468399185482902,0.021468399185482902,0.021468399185482902,0.021468399185482902,0.021468399185482902,0.021468399185482902,0.021468399185482902,0.021468399185482902,0.021468399185482902,0.021468399185482902,0.021468399185482902,0.021468399185482902,0.021468399185482902,0.021468399185482902,0.021468399185482902,0.021468399185482902,0.021468399185482902,0.021468399185482902,0.021468399185482902,0.021468399185482902,0.021468399185482902,0.021468399185482902,0.021468399185482902
2.4783240212675537,0.007462406668955537,0.006111846911826663,0.005003519782229662,0.004090934857809178,0.003411465145730051,0.0030261573432220105,0.0030261573432220105,0.0030261573432220105,0.0030261573432220105,0.0029966598292455442,0.0028650801877850825,0.0028650801877850825,0.0028650801877850825,0.0028650801877850825,0.0028650801877850825,0.0028650801877850825,0.0028650801877850825,0.0028650801877850825,0.0028650801877850825,0.0028650801877850825,0.0028650801877850825,0.0028650801877850825,0.0028650801877850825,0.0028650801877850825,0.0028650801877850825,0.0028650801877850825,0.0028650801877850825,0.0028650801877850825,0.0028650801877850825,0.0028650801877850825,0.0028650801877850825,0.0028650801877850825,0.0028650801877850825,0.0028650801877850825,0.0028650801877850825,0.0028650801877850825,0.0028650801877850825,0.0028650801877850825,0.0028650801877850825,0.0028650801877850825,0.0028650801877850825,0.0028650801877850825,0.0028650801877850825,0.0028650801877850825,0.0028650801877850825,0.0028650801877850825,0.0028650801877850825,0.0028650801877850825,0.0028650801877850825,0.0028650801877850825,0.0028650801877850825,0.0028650801877850825,0.0028650801877850825,0.0028650801877850825,0.0028650801877850825,0.0028650801877850825,0.0028650801877850825,0.0028650801877850825,0.0028650801877850825,0.0028650801877850825,0.0028650801877850825,0.0028650801877850825,0.0028650801877850825,0.0028650801877850825,0.0028650801877850825,0.0028650801877850825,0.0028650801877850825,0.0028650801877850825,0.0028650801877850825,0.0028650801877850825,0.0028650801877850825,0.0028650801877850825,0.0028650801877850825,0.0028650801877850825,0.0028650801877850825,0.0028650801877850825,0.0028650801877850825,0.0028650801877850825,0.0028650801877850825,0.0028650801877850825
13.427925952391547,0.02452146952463079,0.021669993721340187,0.0197763582245496,0.01708046688942602,0.014498726520158631,0.014498726520158631,0.014498726520158631,0.014498726520158631,0.014498726520158631,0.014498726520158631,0.014498726520158631,0.014498726520158631,0.014498726520158631,0.014498726520158631,0.014498726520158631,0.0143871957524375,0.01411621026330059,0.013954478253092293,0.013853051766269733,0.01373842293091809,0.013700647181887486,0.013639570941979302,0.013627355145358162,0.013573462475409193,0.013510063511852471,0.013410685549184353,0.01329116679734768,0.01329116679734768,0.013200480606534271,0.013015356977909218,0.012907598440838611,0.012753124409290332,0.012559377995427822,0.012435240890962165,0.012417240820626434,0.012271224723124235,0.012159669843821677,0.012143997465677209,0.01203857811355316,0.011947370433832677,0.011891986659275017,0.01181638636653162,0.011690543223249868,0.011634553688671796,0.011530977659150298,0.011515229127307012,0.01141754469709704,0.011345399017756375,0.011290784601944662,0.011206253117986963,0.011110276705836513,0.010924655818063468,0.010826565404552768,0.010826565404552768,0.010665555651491666,0.010529786260073937,0.010524737209792481,0.010441008981717112,0.010433957895573935,0.01039861435489657,0.01039861435489657,0.01039861435489657,0.010353395777656293,0.01024595109227011,0.010166067734255066,0.010015371532401474,0.00991450189478853,0.009898907955367391,0.009732824833726481,0.00970115575051001,0.009645820048056138,0.009625123219537332,0.009562510976971646,0.009562510976971646,0.009562338411724018,0.009562338411724018,0.009562338411724018,0.009501591845657338,0.009409138204463383,0.009360395794053698
12.296853916894023,0.007455176612264417,0.003341274434864966,0.003341274434864966,0.0022689067655548957,0.0022689067655548957,0.0022689067655548957,0.0022689067655548957,0.0022689067655548957,0.0022689067655548957,0.0022689067655548957,0.0021659556839860685,0.0021365610477924483,0.0021365610477924483,0.002119706985868436,0.0018516423794163565,0.001829196108372943,0.001829196108372943,0.001829196108372943,0.0018229599668502083,0.0016585801373553727,0.001650107274013879,0.001650107274013879,0.001650107274013879,0.001650107274013879,0.001650107274013879,0.001650107274013879,0.001650107274013879,0.001650107274013879,0.001650107274013879,0.001650107274013879,0.001650107274013879,0.001650107274013879,0.001650107274013879,0.001650107274013879,0.001650107274013879,0.001650107274013879,0.001650107274013879,0.001650107274013879,0.001650107274013879,0.0015479944730040088,0.001474158370902296,0.001474158370902296,0.0014582181110217658,0.0014238446824112582,0.0014082456746042095,0.0014082456746042095,0.0014082456746042095,0.0014082456746042095,0.0014082456746042095,0.0014082456746042095,0.0014082456746042095,0.0014082456746042095,0.0014082456746042095,0.0014082456746042095,0.0014082456746042095,0.0014082456746042095,0.0014082456746042095,0.0014082456746042095,0.0014082456746042095,0.0014082456746042095,0.0014082456746042095,0.0014082456746042095,0.0014082456746042095,0.0014082456746042095,0.0014082456746042095,0.0014082456746042095,0.0014082456746042095,0.0014082456746042095,0.0014082456746042095,0.0014082456746042095,0.0014082456746042095,0.0014082456746042095,0.0014082456746042095,0.0014082456746042095,0.0014082456746042095,0.0014082456746042095,0.0014082456746042095,0.0014082456746042095,0.0014082456746042095,0.0014082456746042095
18.974610455534787,0.0032421539591755244,0.002488424444284181,0.0018327256824701107,0.0013786031594275197,0.001153898068863815,0.0011099054591868465,0.0011099054591868465,0.0011058330812903174,0.0011058330812903174,0.0010833020334401608,0.0010610292528025653,0.0010436550765428108,0.0010357252199808464,0.00103121808066151,0.0010259917160940933,0.0010201233699494475,0.0010124776955247026,0.0010124776955247026,0.0010090281175001246,0.0010090281175001246,0.0010056769652813844,0.0010056769652813844,0.000998963841776692,0.000998963841776692,0.00099603169164265,0.0009913496913740356,0.0009889836782506559,0.0009631670433129661,0.000961379220360408,0.0009503854820895818,0.0009423279262563769,0.000929809558521276,0.000929809558521276,0.0009281478337012503,0.0009281478337012503,0.0009256133495511837,0.0009256133495511837,0.0009208670580801242,0.0009197666863117376,0.0009197666863117376,0.0009197666863117376,0.0009197666863117376,0.0009197666863117376,0.0009197666863117376,0.0009197666863117376,0.0009193160664212305,0.0009193160664212305,0.0009193160664212305,0.0008740895663419702,0.0008416430380123893,0.0008416430380123893,0.0008416430380123893,0.0008416430380123893,0.0008416430380123893,0.0008416430380123893,0.0008416430380123893,0.0008416430380123893,0.0008416430380123893,0.0008416430380123893,0.0008416430380123893,0.0008416430380123893,0.0008416430380123893,0.0008416430380123893,0.0008416430380123893,0.0008416430380123893,0.0008416430380123893,0.0008416430380123893,0.0008416430380123893,0.0008416430380123893,0.0008416430380123893,0.0008416430380123893,0.0008416430380123893,0.0008416430380123893,0.0008416430380123893,0.0008416430380123893,0.0008416430380123893,0.0008416430380123893,0.0008416430380123893,0.0008416430380123893,0.0008416430380123893
23.7215561270869,0.06581666430047822,0.05288412475817479,0.03400831686008398,0.01949585349127497,0.009662646434916839,0.0038920932014934965,0.0008858718582505092,0.00020159458919177396,0.00010494107211105726,0.00010494107211105726,0.00010494107211105726,0.00010494107211105726,0.00010494107211105726,0.00010494107211105726,0.00010494107211105726,0.00010494107211105726,0.00010494107211105726,0.00010494107211105726,0.00010494107211105726,0.00010494107211105726,0.00010494107211105726,0.00010494107211105726,0.00010494107211105726,0.00010494107211105726,0.00010494107211105726,0.00010494107211105726,0.00010494107211105726,0.00010494107211105726,0.00010494107211105726,0.00010494107211105726,0.00010494107211105726,0.00010494107211105726,0.00010494107211105726,0.00010494107211105726,0.00010494107211105726,0.00010494107211105726,0.00010494107211105726,0.00010494107211105726,0.00010494107211105726,0.00010494107211105726,0.00010494107211105726,0.00010494107211105726,0.00010494107211105726,0.00010494107211105726,0.00010494107211105726,0.00010494107211105726,0.00010494107211105726,0.00010494107211105726,0.00010494107211105726,0.00010494107211105726,0.00010494107211105726,0.00010494107211105726,0.00010494107211105726,0.00010494107211105726,0.00010494107211105726,0.00010494107211105726,0.00010494107211105726,0.00010494107211105726,0.00010494107211105726,0.00010494107211105726,0.00010494107211105726,0.00010494107211105726,0.00010494107211105726,0.00010494107211105726,0.00010494107211105726,0.00010494107211105726,0.00010494107211105726,0.00010494107211105726,0.00010494107211105726,0.00010494107211105726,0.00010494107211105726,0.00010494107211105726,0.00010494107211105726,0.00010494107211105726,0.00010494107211105726,0.00010494107211105726,0.00010494107211105726,0.00010494107211105726,0.00010494107211105726,0.00010494107211105726
10.091975764593656,0.035768776071362265,0.02711241823855376,0.020287147338354836,0.013952350046131712,0.009659993610109878,0.00645813313298811,0.004884425955534116,0.004639676887161579,0.004527234185693086,0.004353008344172332,0.004238018401985696,0.0040903553699569726,0.003966642405508169,0.0038466532469793448,0.0037205960231852992,0.0035989930830196922,0.0034756281184075803,0.003368151818773057,0.0032618779862041364,0.0031607162519651107,0.0030651734158930796,0.0029724120514692245,0.00288504194992166,0.0028026610544007765,0.002716834018988047,0.0026324585059428274,0.002552956046029997,0.00247852474091396,0.002402246830594159,0.0023289165226142196,0.002263885880845081,0.002207342677889117,0.002139136729220733,0.0021040206459511514,0.0020450160892005256,0.002013148803659252,0.0019795445462905104,0.0019373328450706109,0.0018835244901149956,0.0018460366473498392,0.0017966373715772356,0.0017781942797565021,0.0017246318695725712,0.0016813013641786157,0.001641111898841785,0.001614977459022963,0.0015831619578559417,0.0015417081138969554,0.0015189497256259358,0.0015026513052276565,0.0014697679185051676,0.0014506408754516912,0.001441363430027832,0.0013972598060911251,0.0013794611855438026,0.0013564603303149916,0.0013548622127531977,0.001335744872030801,0.0013065410841803,0.0013044694888819037,0.0012915852011747809,0.0012774872877447051,0.0012646845530375208,0.0012446371374829671,0.0012275466930205133,0.0012176700364648493,0.0012111793728486096,0.0011943776235317702,0.0011854453783203345,0.0011785322697207517,0.0011654668814945915,0.0011556835847585751,0.0011546757745762599,0.0011484223669459414,0.0011318540139035093,0.0011244955900138324,0.0011191963201714495,0.001113514543629178,0.0011093231608056947,0.0011057773015411883
18.813351686284832,0.0047903193105150186,0.0038061662184734196,0.003115777475153772,0.003115777475153772,0.003115777475153772,0.003115777475153772,0.003115777475153772,0.003115777475153772,0.003115777475153772,0.003115777475153772,0.003115777475153772,0.003115777475153772,0.003115777475153772,0.003115777475153772,0.003115777475153772,0.003115777475153772,0.003115777475153772,0.003115777475153772,0.003115777475153772,0.003115777475153772,0.003115777475153772,0.003115777475153772,0.003115777475153772,0.003115777475153772,0.003115777475153772,0.003115777475153772,0.003115777475153772,0.003115777475153772,0.003115777475153772,0.003115777475153772,0.003115777475153772,0.003115777475153772,0.003115777475153772,0.003115777475153772,0.003115777475153772,0.003115777475153772,0.003115777475153772,0.003115777475153772,0.003115777475153772,0.003115777475153772,0.003115777475153772,0.003115777475153772,0.003115777475153772,0.003115777475153772,0.003115777475153772,0.003115777475153772,0.003115777475153772,0.003115777475153772,0.003115777475153772,0.003115777475153772,0.003115777475153772,0.003115777475153772,0.003115777475153772,0.003115777475153772,0.003115777475153772,0.003115777475153772,0.003115777475153772,0.003115777475153772,0.003115777475153772,0.003115777475153772,0.003115777475153772,0.003115777475153772,0.003115777475153772,0.003115777475153772,0.003115777475153772,0.003115777475153772,0.003115777475153772,0.003115777475153772,0.003115777475153772,0.003115777475153772,0.003115777475153772,0.003115777475153772,0.003115777475153772,0.003115777475153772,0.003115777475153772,0.003115777475153772,0.003115777475153772,0.003115777475153772,0.003115777475153772,0.003115777475153772
12.219698373164874,0.00625533332850973,0.006001434334654578,0.006001434334654578,0.006001434334654578,0.006001434334654578,0.006001434334654578,0.006001434334654578,0.006001434334654578,0.006001434334654578,0.006001434334654578,0.006001434334654578,0.006001434334654578,0.006001434334654578,0.006001434334654578,0.006001434334654578,0.006001434334654578,0.006001434334654578,0.006001434334654578,0.006001434334654578,0.006001434334654578,0.006001434334654578,0.006001434334654578,0.006001434334654578,0.006001434334654578,0.006001434334654578,0.006001434334654578,0.006001434334654578,0.006001434334654578,0.006001434334654578,0.006001434334654578,0.006001434334654578,0.006001434334654578,0.006001434334654578,0.006001434334654578,0.006001434334654578,0.006001434334654578,0.006001434334654578,0.006001434334654578,0.006001434334654578,0.006001434334654578,0.006001434334654578,0.006001434334654578,0.006001434334654578,0.006001434334654578,0.006001434334654578,0.006001434334654578,0.006001434334654578,0.006001434334654578,0.006001434334654578,0.006001434334654578,0.006001434334654578,0.006001434334654578,0.006001434334654578,0.006001434334654578,0.006001434334654578,0.006001434334654578,0.006001434334654578,0.006001434334654578,0.006001434334654578,0.006001434334654578,0.006001434334654578,0.006001434334654578,0.006001434334654578,0.006001434334654578,0.006001434334654578,0.006001434334654578,0.006001434334654578,0.006001434334654578,0.006001434334654578,0.006001434334654578,0.006001434334654578,0.006001434334654578,0.006001434334654578,0.006001434334654578,0.006001434334654578,0.006001434334654578,0.006001434334654578,0.006001434334654578,0.006001434334654578,0.006001434334654578
4.266267202571555,0.0032120118477457654,0.0013072675134302983,0.00042804651973664485,4.047717667100603e-05,4.047717667100603e-05,4.047717667100603e-05,4.047717667100603e-05,4.047717667100603e-05,4.047717667100603e-05,4.047717667100603e-05,4.047717667100603e-05,4.047717667100603e-05,4.047717667100603e-05,4.047717667100603e-05,4.047717667100603e-05,4.047717667100603e-05,4.047717667100603e-05,4.047717667100603e-05,4.047717667100603e-05,4.047717667100603e-05,4.047717667100603e-05,4.047717667100603e-05,4.047717667100603e-05,4.047717667100603e-05,4.047717667100603e-05,4.047717667100603e-05,4.047717667100603e-05,4.047717667100603e-05,4.047717667100603e-05,4.047717667100603e-05,4.047717667100603e-05,4.047717667100603e-05,4.047717667100603e-05,4.047717667100603e-05,4.047717667100603e-05,4.047717667100603e-05,4.047717667100603e-05,4.047717667100603e-05,4.047717667100603e-05,4.047717667100603e-05,4.047717667100603e-05,4.047717667100603e-05,4.047717667100603e-05,4.047717667100603e-05,4.047717667100603e-05,4.047717667100603e-05,4.047717667100603e-05,4.047717667100603e-05,4.047717667100603e-05,4.047717667100603e-05,4.047717667100603e-05,4.047717667100603e-05,4.047717667100603e-05,4.047717667100603e-05,4.047717667100603e-05,4.047717667100603e-05,4.047717667100603e-05,4.047717667100603e-05,4.047717667100603e-05,4.047717667100603e-05,4.047717667100603e-05,4.047717667100603e-05,4.047717667100603e-05,4.047717667100603e-05,4.047717667100603e-05,4.047717667100603e-05,4.047717667100603e-05,4.047717667100603e-05,4.047717667100603e-05,4.047717667100603e-05,4.047717667100603e-05,4.047717667100603e-05,4.047717667100603e-05,4.047717667100603e-05,4.047717667100603e-05,4.047717667100603e-05,4.047717667100603e-05,4.047717667100603e-05,4.047717667100603e-05,4.047717667100603e-05
18.41442709136311,0.20802500373271685,0.15625137597205557,0.1126528816425243,0.08906497220957196,0.07214325296686247,0.059168828441454505,0.04835606039122967,0.04070567090531363,0.04070567090531363,0.04070567090531363,0.03895267024431538,0.03895267024431538,0.03895267024431538,0.03895267024431538,0.03895267024431538,0.03895267024431538,0.03895267024431538,0.03895267024431538,0.03895267024431538,0.03895267024431538,0.03895267024431538,0.03895267024431538,0.03895267024431538,0.03895267024431538,0.03895267024431538,0.03895267024431538,0.03895267024431538,0.03895267024431538,0.03895267024431538,0.03895267024431538,0.03895267024431538,0.03895267024431538,0.03895267024431538,0.03895267024431538,0.03895267024431538,0.03895267024431538,0.03895267024431538,0.03895267024431538,0.03895267024431538,0.03895267024431538,0.03895267024431538,0.03895267024431538,0.03895267024431538,0.03895267024431538,0.03895267024431538,0.03895267024431538,0.03895267024431538,0.03895267024431538,0.03895267024431538,0.03895267024431538,0.03895267024431538,0.03895267024431538,0.03895267024431538,0.03895267024431538,0.03895267024431538,0.03895267024431538,0.03895267024431538,0.03895267024431538,0.03895267024431538,0.03895267024431538,0.03895267024431538,0.03895267024431538,0.03895267024431538,0.03895267024431538,0.03895267024431538,0.03895267024431538,0.03895267024431538,0.03895267024431538,0.03895267024431538,0.03895267024431538,0.03895267024431538,0.03895267024431538,0.03895267024431538,0.03895267024431538,0.03895267024431538,0.03895267024431538,0.03895267024431538,0.03895267024431538,0.03895267024431538,0.03895267024431538
27.03730884596746,0.004192648229955084,0.004192648229955084,0.004192648229955084,0.004192648229955084,0.004192648229955084,0.004192648229955084,0.004192648229955084,0.004192648229955084,0.004192648229955084,0.004192648229955084,0.004192648229955084,0.004192648229955084,0.004192648229955084,0.004192648229955084,0.004192648229955084,0.004192648229955084,0.004192648229955084,0.004192648229955084,0.004192648229955084,0.004192648229955084,0.004192648229955084,0.004192648229955084,0.004192648229955084,0.004192648229955084,0.004192648229955084,0.004192648229955084,0.004192648229955084,0.004192648229955084,0.004192648229955084,0.004192648229955084,0.004192648229955084,0.004192648229955084,0.004192648229955084,0.004192648229955084,0.004192648229955084,0.004192648229955084,0.004192648229955084,0.004192648229955084,0.004192648229955084,0.004192648229955084,0.004192648229955084,0.004192648229955084,0.004192648229955084,0.004192648229955084,0.004192648229955084,0.004192648229955084,0.004192648229955084,0.004192648229955084,0.004192648229955084,0.004192648229955084,0.004192648229955084,0.004192648229955084,0.004192648229955084,0.004192648229955084,0.004192648229955084,0.004192648229955084,0.004192648229955084,0.004192648229955084,0.004192648229955084,0.004192648229955084,0.004192648229955084,0.004192648229955084,0.004192648229955084,0.004192648229955084,0.004192648229955084,0.004192648229955084,0.004192648229955084,0.004192648229955084,0.004192648229955084,0.004192648229955084,0.004192648229955084,0.004192648229955084,0.004192648229955084,0.004192648229955084,0.004192648229955084,0.004192648229955084,0.004192648229955084,0.004192648229955084,0.004192648229955084,0.004192648229955084
1.8623096301149076,0.03835579653526254,0.03835579653526254,0.03835579653526254,0.03518301763508662,0.03518301763508662,0.03518301763508662,0.028487898352219848,0.028487898352219848,0.028487898352219848,0.028487898352219848,0.028487898352219848,0.028487898352219848,0.028487898352219848,0.028487898352219848,0.028487898352219848,0.028487898352219848,0.028487898352219848,0.028487898352219848,0.028487898352219848,0.028487898352219848,0.028487898352219848,0.028487898352219848,0.028487898352219848,0.028487898352219848,0.028487898352219848,0.028487898352219848,0.028487898352219848,0.028487898352219848,0.028487898352219848,0.028487898352219848,0.028487898352219848,0.028487898352219848,0.028487898352219848,0.028487898352219848,0.028487898352219848,0.028487898352219848,0.028487898352219848,0.028487898352219848,0.028487898352219848,0.028487898352219848,0.028487898352219848,0.028487898352219848,0.028487898352219848,0.028487898352219848,0.028487898352219848,0.028487898352219848,0.028487898352219848,0.028487898352219848,0.028487898352219848,0.028487898352219848,0.028487898352219848,0.028487898352219848,0.028487898352219848,0.028487898352219848,0.028487898352219848,0.028487898352219848,0.028487898352219848,0.028487898352219848,0.028487898352219848,0.028487898352219848,0.028487898352219848,0.028487898352219848,0.028487898352219848,0.028487898352219848,0.028487898352219848,0.028487898352219848,0.028487898352219848,0.028487898352219848,0.028487898352219848,0.028487898352219848,0.028487898352219848,0.028487898352219848,0.028487898352219848,0.028487898352219848,0.028487898352219848,0.028487898352219848,0.028487898352219848,0.028487898352219848,0.028487898352219848,0.028487898352219848
20.568757313099596,0.009935041856992562,0.009935041856992562,0.009935041856992562,0.009935041856992562,0.009935041856992562,0.009935041856992562,0.009935041856992562,0.009935041856992562,0.009935041856992562,0.009935041856992562,0.009935041856992562,0.009935041856992562,0.009935041856992562,0.009935041856992562,0.009935041856992562,0.009935041856992562,0.009935041856992562,0.009935041856992562,0.009935041856992562,0.009935041856992562,0.009935041856992562,0.009935041856992562,0.009935041856992562,0.009935041856992562,0.009935041856992562,0.009935041856992562,0.009935041856992562,0.009935041856992562,0.009935041856992562,0.009935041856992562,0.009935041856992562,0.009935041856992562,0.009935041856992562,0.009935041856992562,0.009935041856992562,0.009935041856992562,0.009935041856992562,0.009935041856992562,0.009935041856992562,0.009935041856992562,0.009935041856992562,0.009935041856992562,0.009935041856992562,0.009935041856992562,0.009935041856992562,0.009935041856992562,0.009935041856992562,0.009935041856992562,0.009935041856992562,0.009935041856992562,0.009935041856992562,0.009935041856992562,0.009935041856992562,0.009935041856992562,0.009935041856992562,0.009935041856992562,0.009935041856992562,0.009935041856992562,0.009935041856992562,0.009935041856992562,0.009935041856992562,0.009935041856992562,0.009935041856992562,0.009935041856992562,0.009935041856992562,0.009935041856992562,0.009935041856992562,0.009935041856992562,0.009935041856992562,0.009935041856992562,0.009935041856992562,0.009935041856992562,0.009935041856992562,0.009935041856992562,0.009935041856992562,0.009935041856992562,0.009935041856992562,0.009935041856992562,0.009935041856992562,0.009935041856992562
1.2950461793155341,0.025698674390950315,0.018320378851241968,0.011750981702610415,0.006635802134447339,0.003215105842867682,0.0019360244925505335,0.0019360244925505335,0.0018413749641973262,0.0017222694943001343,0.0016148266042234627,0.001526441038680725,0.0014333534668221665,0.001288912743730178,0.0011472979899088214,0.001088325439148764,0.0009866548351800532,0.0009059440168854983,0.0008047677379699474,0.0007549533801071009,0.0006636542626492808,0.0006090869025813882,0.0005507060452105586,0.0005367984157360996,0.00045095010926388796,0.00039268959016347657,0.000357667215591579,0.000340380437430362,0.00028558147021230825,0.00024062664458964636,0.00020735516243543053,0.0002020445882693908,0.0002020445882693908,0.0002020445882693908,0.0002020445882693908,0.0002020445882693908,0.0002020445882693908,0.0002020445882693908,0.0002020445882693908,0.0002020445882693908,0.0002020445882693908,0.0002020445882693908,0.0002020445882693908,0.0002020445882693908,0.0002020445882693908,0.0002020445882693908,0.0002020445882693908,0.0002020445882693908,0.0002020445882693908,0.0002020445882693908,0.0002020445882693908,0.0002020445882693908,0.0002020445882693908,0.0002020445882693908,0.0002020445882693908,0.0002020445882693908,0.0002020445882693908,0.0002020445882693908,0.0002020445882693908,0.0002020445882693908,0.0002020445882693908,0.0002020445882693908,0.0002020445882693908,0.0002020445882693908,0.0002020445882693908,0.0002020445882693908,0.0002020445882693908,0.0002020445882693908,0.0002020445882693908,0.0002020445882693908,0.0002020445882693908,0.0002020445882693908,0.0002020445882693908,0.0002020445882693908,0.0002020445882693908,0.0002020445882693908,0.0002020445882693908,0.0002020445882693908,0.0002020445882693908,0.0002020445882693908,0.0002020445882693908
44.76917730282048,0.0124909232443878,0.011888332415480325,0.008203855337923244,0.0070302265625921505,0.005874296175505821,0.004655433053575339,0.004655433053575339,0.004655433053575339,0.004655433053575339,0.004655433053575339,0.004655433053575339,0.004655433053575339,0.004655433053575339,0.004655433053575339,0.004655433053575339,0.004655433053575339,0.004655433053575339,0.004655433053575339,0.004655433053575339,0.004655433053575339,0.004655433053575339,0.004655433053575339,0.004655433053575339,0.004655433053575339,0.004655433053575339,0.004655433053575339,0.004655433053575339,0.004326976833623966,0.004326976833623966,0.004326976833623966,0.004326976833623966,0.0042777191797189335,0.0042777191797189335,0.0042777191797189335,0.0042777191797189335,0.004223634508344585,0.004223634508344585,0.004223634508344585,0.004223634508344585,0.004223634508344585,0.004043884812993372,0.0038263470877296464,0.0038263470877296464,0.0038263470877296464,0.0038263470877296464,0.0038263470877296464,0.0038263470877296464,0.0038263470877296464,0.003738299209568807,0.003738299209568807,0.0036289385937801175,0.0035932257929433033,0.0034628196827342405,0.0031862691821842367,0.002903745038669678,0.002903745038669678,0.0027741869882179394,0.0024893697563892546,0.0021762517426750826,0.001910727548628051,0.0018870406661116762,0.0018870406661116762,0.0018870406661116762,0.0018870406661116762,0.0018289709470978679,0.0018289709470978679,0.0018289709470978679,0.0018289709470978679,0.0018289709470978679,0.0014983272823829853,0.0013483610714457458,0.0013483610714457458,0.0013483610714457458,0.0013483610714457458,0.0013483610714457458,0.0013483610714457458,0.0013483610714457458,0.0013483610714457458,0.0013483610714457458,0.0013483610714457458
3.9967607565056937,0.017233123374493387,0.013355409536896058,0.009692368687393694,0.007209846398396048,0.0048726565434796575,0.0048726565434796575,0.0048726565434796575,0.0046437623752011315,0.004399389987283921,0.004381354272636709,0.004381354272636709,0.004381354272636709,0.004381354272636709,0.004381354272636709,0.004381354272636709,0.004381354272636709,0.004381354272636709,0.004381354272636709,0.004381354272636709,0.004381354272636709,0.004381354272636709,0.004381354272636709,0.004381354272636709,0.004381354272636709,0.004381354272636709,0.004381354272636709,0.004381354272636709,0.004381354272636709,0.004381354272636709,0.004381354272636709,0.004381354272636709,0.004381354272636709,0.004381354272636709,0.004381354272636709,0.004381354272636709,0.004381354272636709,0.004381354272636709,0.004381354272636709,0.004381354272636709,0.004381354272636709,0.004381354272636709,0.004381354272636709,0.004381354272636709,0.004381354272636709,0.004381354272636709,0.004381354272636709,0.004381354272636709,0.004381354272636709,0.004381354272636709,0.004381354272636709,0.004381354272636709,0.004381354272636709,0.004381354272636709,0.004381354272636709,0.004381354272636709,0.004381354272636709,0.004381354272636709,0.004381354272636709,0.004381354272636709,0.004381354272636709,0.004381354272636709,0.004381354272636709,0.004381354272636709,0.004381354272636709,0.004381354272636709,0.004381354272636709,0.004381354272636709,0.004381354272636709,0.004381354272636709,0.004381354272636709,0.004381354272636709,0.004381354272636709,0.004381354272636709,0.004381354272636709,0.004381354272636709,0.004381354272636709,0.004381354272636709,0.004381354272636709,0.004381354272636709,0.004381354272636709
11.306045006785382,0.017293159129379086,0.013412447244052843,0.009983559826871323,0.008377949754027126,0.007069548452665506,0.007069548452665506,0.007069548452665506,0.007069548452665506,0.007069548452665506,0.007069548452665506,0.007069548452665506,0.0070040590046145735,0.006766114136171371,0.0065534319326767745,0.0065534319326767745,0.0065534319326767745,0.0065534319326767745,0.0065534319326767745,0.0065534319326767745,0.0065534319326767745,0.0065534319326767745,0.0065534319326767745,0.0065534319326767745,0.0065534319326767745,0.0065534319326767745,0.0065534319326767745,0.0065534319326767745,0.0065534319326767745,0.0065534319326767745,0.0065534319326767745,0.0065534319326767745,0.0065534319326767745,0.0065534319326767745,0.0065534319326767745,0.0065534319326767745,0.0065534319326767745,0.0065534319326767745,0.0065534319326767745,0.0065534319326767745,0.0065534319326767745,0.0065534319326767745,0.0065534319326767745,0.0065534319326767745,0.0065534319326767745,0.0065534319326767745,0.0065534319326767745,0.0065534319326767745,0.0065534319326767745,0.0065534319326767745,0.0065534319326767745,0.0065534319326767745,0.0065534319326767745,0.0065534319326767745,0.0065534319326767745,0.0065534319326767745,0.0065534319326767745,0.006514896039643597,0.006472431485405324,0.006329748309751108,0.00613903494011861,0.006016638345639277,0.005931276480382948,0.005821226488896912,0.005821226488896912,0.005821226488896912,0.005821226488896912,0.005821226488896912,0.005809495380869592,0.005809495380869592,0.005774895001967684,0.005722583980985796,0.005722583980985796,0.005722583980985796,0.005722583980985796,0.005652203537258831,0.005652203537258831,0.005652203537258831,0.0056332719149712945,0.005610896940135767,0.005610896940135767
5.080912231891489,0.005745425677889038,0.0028738838313402907,0.0011400100321603969,0.0005858430436316009,0.0005021910873165966,0.0001902796944894498,0.0001902796944894498,6.055489155365396e-05,6.055489155365396e-05,6.055489155365396e-05,6.055489155365396e-05,6.055489155365396e-05,6.055489155365396e-05,6.055489155365396e-05,6.055489155365396e-05,6.055489155365396e-05,6.055489155365396e-05,6.055489155365396e-05,6.055489155365396e-05,6.055489155365396e-05,6.055489155365396e-05,6.055489155365396e-05,6.055489155365396e-05,6.055489155365396e-05,6.055489155365396e-05,6.055489155365396e-05,6.055489155365396e-05,6.055489155365396e-05,6.055489155365396e-05,6.055489155365396e-05,6.055489155365396e-05,6.055489155365396e-05,6.055489155365396e-05,6.055489155365396e-05,6.055489155365396e-05,6.055489155365396e-05,6.055489155365396e-05,6.055489155365396e-05,6.055489155365396e-05,6.055489155365396e-05,6.055489155365396e-05,6.055489155365396e-05,6.055489155365396e-05,6.055489155365396e-05,6.055489155365396e-05,6.055489155365396e-05,6.055489155365396e-05,6.055489155365396e-05,6.055489155365396e-05,6.055489155365396e-05,6.055489155365396e-05,6.055489155365396e-05,6.055489155365396e-05,6.055489155365396e-05,6.055489155365396e-05,6.055489155365396e-05,6.055489155365396e-05,6.055489155365396e-05,6.055489155365396e-05,6.055489155365396e-05,6.055489155365396e-05,6.055489155365396e-05,6.055489155365396e-05,6.055489155365396e-05,6.055489155365396e-05,6.055489155365396e-05,6.055489155365396e-05,6.055489155365396e-05,6.055489155365396e-05,6.055489155365396e-05,6.055489155365396e-05,6.055489155365396e-05,6.055489155365396e-05,6.055489155365396e-05,6.055489155365396e-05,6.055489155365396e-05,6.055489155365396e-05,6.055489155365396e-05,6.055489155365396e-05,6.055489155365396e-05
13.186692581945977,0.0037985916206920425,0.002743300116108227,0.0026486799413645845,0.0026486799413645845,0.0026486799413645845,0.0026486799413645845,0.0026486799413645845,0.0026486799413645845,0.0026486799413645845,0.0026486799413645845,0.0026486799413645845,0.0026486799413645845,0.0026486799413645845,0.0026486799413645845,0.0026486799413645845,0.0026486799413645845,0.0026486799413645845,0.0026486799413645845,0.0026486799413645845,0.0026486799413645845,0.0026486799413645845,0.0026486799413645845,0.0026486799413645845,0.0026486799413645845,0.0026486799413645845,0.0026486799413645845,0.0026486799413645845,0.0026486799413645845,0.0026486799413645845,0.0026486799413645845,0.0026486799413645845,0.0026486799413645845,0.0026486799413645845,0.0026486799413645845,0.0026486799413645845,0.0026486799413645845,0.0026486799413645845,0.0026486799413645845,0.0026486799413645845,0.0026486799413645845,0.0026486799413645845,0.0026486799413645845,0.0026486799413645845,0.0026486799413645845,0.0026486799413645845,0.0026486799413645845,0.0026486799413645845,0.0026486799413645845,0.0026486799413645845,0.0026486799413645845,0.0026486799413645845,0.0026486799413645845,0.0026486799413645845,0.0026486799413645845,0.0026486799413645845,0.0026486799413645845,0.0026486799413645845,0.0026486799413645845,0.0026486799413645845,0.0026486799413645845,0.0026486799413645845,0.0026486799413645845,0.0026486799413645845,0.0026486799413645845,0.0026486799413645845,0.0026486799413645845,0.0026486799413645845,0.0026486799413645845,0.0026486799413645845,0.0026486799413645845,0.0026486799413645845,0.0026486799413645845,0.0026486799413645845,0.0026486799413645845,0.0026486799413645845,0.0026486799413645845,0.0026486799413645845,0.0026486799413645845,0.0026486799413645845,0.0026486799413645845
33.610010249134575,0.00773610454568306,0.004947763550317904,0.004947763550317904,0.0029424380481674777,0.0029424380481674777,0.0029424380481674777,0.0029424380481674777,0.0029424380481674777,0.0029424380481674777,0.0029424380481674777,0.0029424380481674777,0.0029424380481674777,0.0029424380481674777,0.0029424380481674777,0.0029424380481674777,0.0029424380481674777,0.0029424380481674777,0.0029424380481674777,0.0029424380481674777,0.0029424380481674777,0.0029424380481674777,0.0029424380481674777,0.0029424380481674777,0.0029424380481674777,0.0029424380481674777,0.0029424380481674777,0.0029424380481674777,0.0029424380481674777,0.0029424380481674777,0.0029424380481674777,0.0029424380481674777,0.0029424380481674777,0.0029424380481674777,0.0029424380481674777,0.0029424380481674777,0.0029424380481674777,0.0029424380481674777,0.0029424380481674777,0.0029424380481674777,0.0029424380481674777,0.0029424380481674777,0.0029424380481674777,0.0029424380481674777,0.0029424380481674777,0.0029424380481674777,0.0029424380481674777,0.0029424380481674777,0.0029424380481674777,0.0029424380481674777,0.0029424380481674777,0.0029424380481674777,0.0029424380481674777,0.0029424380481674777,0.0029424380481674777,0.0029424380481674777,0.0029424380481674777,0.0029424380481674777,0.0029424380481674777,0.0029424380481674777,0.0029424380481674777,0.0029424380481674777,0.0029424380481674777,0.0029424380481674777,0.0029424380481674777,0.0029424380481674777,0.0029424380481674777,0.0029424380481674777,0.0029424380481674777,0.0029424380481674777,0.0029424380481674777,0.0029424380481674777,0.0029424380481674777,0.0029424380481674777,0.0029424380481674777,0.0029424380481674777,0.0029424380481674777,0.0029424380481674777,0.0029424380481674777,0.0029424380481674777,0.0029424380481674777
3.312270562101048,0.02143301148573917,0.019299383157813245,0.018165234690909707,0.01764232483979549,0.01764232483979549,0.01764232483979549,0.01764232483979549,0.01764232483979549,0.01764232483979549,0.01764232483979549,0.01764232483979549,0.01764232483979549,0.01764232483979549,0.01764232483979549,0.01764232483979549,0.01764232483979549,0.01764232483979549,0.01764232483979549,0.01764232483979549,0.01764232483979549,0.01764232483979549,0.01764232483979549,0.01764232483979549,0.01764232483979549,0.01764232483979549,0.01764232483979549,0.01764232483979549,0.01764232483979549,0.01764232483979549,0.01764232483979549,0.01764232483979549,0.01764232483979549,0.01764232483979549,0.01764232483979549,0.01764232483979549,0.01764232483979549,0.01764232483979549,0.01764232483979549,0.01764232483979549,0.01764232483979549,0.01764232483979549,0.01764232483979549,0.01764232483979549,0.01764232483979549,0.01764232483979549,0.01764232483979549,0.01764232483979549,0.01764232483979549,0.01764232483979549,0.01764232483979549,0.01764232483979549,0.01764232483979549,0.01764232483979549,0.01764232483979549,0.01764232483979549,0.01764232483979549,0.01764232483979549,0.01764232483979549,0.01764232483979549,0.01764232483979549,0.01764232483979549,0.01764232483979549,0.01764232483979549,0.01764232483979549,0.01764232483979549,0.01764232483979549,0.01764232483979549,0.01764232483979549,0.01764232483979549,0.01764232483979549,0.01764232483979549,0.01764232483979549,0.01764232483979549,0.01764232483979549,0.01764232483979549,0.01764232483979549,0.01764232483979549,0.01764232483979549,0.01764232483979549,0.01764232483979549
25.6256140097596,0.019032334429536817,0.012693725622448297,0.009010348117886197,0.00644775616564594,0.00487528527674402,0.004041798543077952,0.004041798543077952,0.004041798543077952,0.004041798543077952,0.00374502723827754,0.00374502723827754,0.00374502723827754,0.00374502723827754,0.0035804503968903077,0.0035385801868339658,0.0035385801868339658,0.0035385801868339658,0.0035385801868339658,0.0034091111828429875,0.0034091111828429875,0.00333717799128914,0.0032285635423256113,0.003112177641825347,0.0029681207584002583,0.0028569475711034886,0.0028089869530323387,0.002734260792925689,0.0026813544040535215,0.002630648810654184,0.0025973891716859266,0.002574182256215904,0.002518169155222234,0.002490080118614487,0.0024430324581072374,0.0024085561584681996,0.002376301756213857,0.002343936099293139,0.002315970955936133,0.0022723792734722567,0.0022243862840130657,0.0022019276503618236,0.0021676024456524995,0.0021422092585538515,0.002108623161421268,0.0020991895120037784,0.0020874169867766607,0.002083451334111868,0.002038117702206938,0.002038117702206938,0.002038117702206938,0.0019972466241276994,0.0019972466241276994,0.0019972466241276994,0.0019972466241276994,0.0019972466241276994,0.0019972466241276994,0.0019972466241276994,0.0019972466241276994,0.0019972466241276994,0.0019972466241276994,0.0019972466241276994,0.0019972466241276994,0.0019972466241276994,0.0019972466241276994,0.0019972466241276994,0.0019972466241276994,0.0019972466241276994,0.0019972466241276994,0.0019972466241276994,0.0019972466241276994,0.0019972466241276994,0.0019972466241276994,0.0019972466241276994,0.0019972466241276994,0.0019972466241276994,0.0019972466241276994,0.0019972466241276994,0.0019972466241276994,0.0019972466241276994,0.0019972466241276994
0.4850745792068665,0.009792915281283794,0.0051082198691318505,0.0029674239663250303,0.0017417484904928208,0.0011897372881327804,0.0011468838265240807,0.0008526368116374224,0.0008526368116374224,0.0007807612791918042,0.0006564310281628159,0.0005893073930726586,0.0005457691439113365,0.0005128855717137966,0.0004927753944855307,0.00046550727258390433,0.0004279126016101535,0.0003885439972759845,0.0003608284738050136,0.00033537828211289885,0.00030851516074000067,0.0002956922341218328,0.00027160162468756546,0.00025946894805343215,0.0002492428223157605,0.00023610451163994596,0.00022638974465917597,0.00021246828285383768,0.00021246828285383768,0.00019455570598664676,0.00017934442100681427,0.00016809598554476024,0.00016809598554476024,0.00015705974346848196,0.0001548829011170697,0.0001548829011170697,0.0001548829011170697,0.0001548829011170697,0.0001548829011170697,0.0001548829011170697,0.00015470305439246984,0.00015470305439246984,0.00015470305439246984,0.00015470305439246984,0.00015470305439246984,0.00015470305439246984,0.00015470305439246984,0.00015470305439246984,0.00015470305439246984,0.00015470305439246984,0.00015470305439246984,0.00015470305439246984,0.00015470305439246984,0.00015470305439246984,0.00015470305439246984,0.00015470305439246984,0.00015470305439246984,0.00015470305439246984,0.00015470305439246984,0.00015470305439246984,0.00015470305439246984,0.00015470305439246984,0.00015470305439246984,0.00015470305439246984,0.00015470305439246984,0.00015470305439246984,0.00015470305439246984,0.00015470305439246984,0.00015470305439246984,0.00015470305439246984,0.00015470305439246984,0.00015470305439246984,0.00015470305439246984,0.00015470305439246984,0.00015470305439246984,0.00015470305439246984,0.00015470305439246984,0.00015470305439246984,0.00015470305439246984,0.00015470305439246984,0.00015470305439246984
21.57945860620822,0.0051665011206592625,0.00470793222719137,0.003729927671682175,0.0025518026893573955,0.0025518026893573955,0.0025518026893573955,0.0025518026893573955,0.002488958513821111,0.0023346233903732134,0.002307546597051695,0.002189288412296991,0.0021526283523135535,0.0021526283523135535,0.0021526283523135535,0.0021526283523135535,0.0021526283523135535,0.0020695945626908675,0.0020027808309406687,0.0019656123960762936,0.0019656123960762936,0.0019584972376741126,0.0019584972376741126,0.0019446877531773472,0.001911155408814335,0.001836450877485089,0.001836450877485089,0.0018207955664459499,0.0017626198995911214,0.0017366731106121696,0.0016873902893714296,0.0015936176863169363,0.0015917419872900904,0.0015531195168216536,0.001529102959271037,0.0014933200400355012,0.0014933200400355012,0.0014746850365916083,0.0014246840523833308,0.0013924602981434187,0.001326180069129427,0.0013018651830369423,0.0012943349933570065,0.001239009314484242,0.0011547535423520176,0.0011547535423520176,0.0011439630115685293,0.0011439630115685293,0.001142512094990342,0.0010807314329556198,0.0010447566701715727,0.0010447566701715727,0.000996070200556024,0.0009940889555316683,0.0009624393170164315,0.0009376763244770608,0.0009031165100121331,0.0008583533212271926,0.0008478865023414658,0.0007670762946109664,0.0007670762946109664,0.0007670762946109664,0.0007670762946109664,0.0007331676615451624,0.0006809574134549696,0.0006809574134549696,0.0006809574134549696,0.0006116706654652411,0.0006116706654652411,0.0006116706654652411,0.0005795969287925213,0.0005119819647798571,0.00048686033890742614,0.00047018214301305233,0.00045169751651283883,0.00041482917216077513,0.00041482917216077513,0.00041482917216077513,0.00040542299256522793,0.00039837040911361744,0.00039837040911361744
23.438662773876842,0.002234977398101047,0.00046935766821256216,0.00022289111041326327,0.00022289111041326327,0.00022289111041326327,0.00022289111041326327,0.00022289111041326327,0.00022289111041326327,0.00022289111041326327,0.00022289111041326327,0.00022289111041326327,0.00022289111041326327,0.00022289111041326327,0.00022289111041326327,0.00022289111041326327,0.00022289111041326327,0.00022289111041326327,0.00022289111041326327,0.00022289111041326327,0.00022289111041326327,0.00022289111041326327,0.00022289111041326327,0.00022289111041326327,0.00022289111041326327,0.00022289111041326327,0.00022289111041326327,0.00022289111041326327,0.00022289111041326327,0.00022289111041326327,0.00022289111041326327,0.00022289111041326327,0.00022289111041326327,0.00022289111041326327,0.00022289111041326327,0.00022289111041326327,0.00022289111041326327,0.00022289111041326327,0.00022289111041326327,0.00022289111041326327,0.00022289111041326327,0.00022289111041326327,0.00022289111041326327,0.00022289111041326327,0.00022289111041326327,0.00022289111041326327,0.00022289111041326327,0.00022289111041326327,0.00022289111041326327,0.00022289111041326327,0.00022289111041326327,0.00022289111041326327,0.00022289111041326327,0.00022289111041326327,0.00022289111041326327,0.00022289111041326327,0.00022289111041326327,0.00022289111041326327,0.00022289111041326327,0.00022289111041326327,0.00022289111041326327,0.00022289111041326327,0.00022289111041326327,0.00022289111041326327,0.00022289111041326327,0.00022289111041326327,0.00022289111041326327,0.00022289111041326327,0.00022289111041326327,0.00022289111041326327,0.00022289111041326327,0.00022289111041326327,0.00022289111041326327,0.00022289111041326327,0.00022289111041326327,0.00022289111041326327,0.00022289111041326327,0.00022289111041326327,0.00022289111041326327,0.00022289111041326327,0.00022289111041326327
14.367444298891826,0.009799617197850568,0.008611257256411129,0.007710928754599238,0.007710928754599238,0.007623482276629645,0.007623482276629645,0.007623482276629645,0.007623482276629645,0.007623482276629645,0.007623482276629645,0.007623482276629645,0.007623482276629645,0.007623482276629645,0.007623482276629645,0.007623482276629645,0.007623482276629645,0.007623482276629645,0.007623482276629645,0.007623482276629645,0.007623482276629645,0.007623482276629645,0.007623482276629645,0.007623482276629645,0.007623482276629645,0.007623482276629645,0.007623482276629645,0.007623482276629645,0.007623482276629645,0.007623482276629645,0.007623482276629645,0.007623482276629645,0.007623482276629645,0.007623482276629645,0.007623482276629645,0.007623482276629645,0.007623482276629645,0.007623482276629645,0.007623482276629645,0.007623482276629645,0.007623482276629645,0.007623482276629645,0.007623482276629645,0.007623482276629645,0.007623482276629645,0.007623482276629645,0.007623482276629645,0.007623482276629645,0.007623482276629645,0.007623482276629645,0.007623482276629645,0.007623482276629645,0.007623482276629645,0.007623482276629645,0.007623482276629645,0.007623482276629645,0.007623482276629645,0.007623482276629645,0.007623482276629645,0.007623482276629645,0.007623482276629645,0.007623482276629645,0.007623482276629645,0.007623482276629645,0.007623482276629645,0.007623482276629645,0.007623482276629645,0.007623482276629645,0.007623482276629645,0.007623482276629645,0.007623482276629645,0.007623482276629645,0.007623482276629645,0.007623482276629645,0.007623482276629645,0.007623482276629645,0.007623482276629645,0.007623482276629645,0.007623482276629645,0.007623482276629645,0.007623482276629645
